ID,English,French,MSA,POS,Easy_target,Medium_target,Hard_target,Easy_distractor_1,Easy_distractor_2,Medium_distractor_1,Medium_distractor_2,Hard_distractor_1,Hard_distractor_2
2,hotel,hôtel,فُنْدُق,NOUN,اوتيل,لكوندة,وطيل,اوتي,اكال,جطل,اكل,وطية,ذيل
9,insurance,assurance,تَأْمِين,NOUN,ضمان,اسرنس,لاصورونس,سمانة,زمان,اسيون,ارجنس,بيا,سيما
12,possible,possible,مُمْكِن,ADJ,وارد,يصير,اسكه,وافد,معقولة,يسير,بلون,مجوز,عجوز
20,"pain , hurt","douleur , mal",أَلَم,NOUN,وجيعة,حريق,عوار,وج,فرع,شرق,ضفر,عكار,جار
23,stay,séjour,إِقامَة,NOUN,قعاد,سجور,نزلة,صعدة,قعادة,بيان,بيا,فلسة,زلة
30,blanket,couverture,بَطّانِيَّة,NOUN,غطا,فراش,كوفرتة,غذاء,قطر,حرم,حراق,كليشة,كمشة
31,beach,plage,شاطِئ,NOUN,بلاج,كورنيش,ساحل,بلاش,بلا,كورنر,اورنيك,ساحة,سفح
33,juice,jus,عَصِير,NOUN,جو,شراب,زوم,تو,هو,شاب,شربة,زوز,زهم
36,meeting,réunion,ٱِجْتِماع,NOUN,جلسة,لمة,ريينيو,جرعة,جماعة,يمة,كلمة,نمرة,دشة
44,direction,direction,ٱِتِّجاه,NOUN,طريق,جنب,صفحة,جية,حريق,بم,جني,صفة,شيرت
45,delicious,délicieux,لَذِيذ,ADJ,حالي,شهي,زاكي,سالي,مسلي,هين,ناعم,يشهي,زاهي
46,main,principal,رَئِيسِيّ,ADJ,اساسي,مركزي,لاباز,سالي,براني,مركاني,طاعم,سوري,كوري
49,tip,pourboire,بَقْشِيش,NOUN,بوربوار,حق التعب,تيبس,حكاية,اشكالية,ولاية,حجاة,مساندة,ترويقة
50,pair,paire,زَوْج,NOUN,اثنين,الاثنين,اثنيناتهم,اهلين,انزين,جوا,جول,زوة,رزمة
52,weekend,week-end,نِهايَة ال+ أُسْبُوع,NOUN,نهاية الاسبوع,عطلة نهاية الاسبوع,الجمعة,كان,كي كان,عملة,عجلة,المرة,جمعة
56,prefer,préférer,فَضَّل,VERB,حب,عجبه اكثر,بدى,غير,كب,استخبر,استفاد,حاز,بز
60,pen,stylo,قَلَم,NOUN,ستيلو,قلم حبر,بيرو,ستيشن,سيل,محضر,محور,بنية,جيرو
61,wake,réveiller,أَيْقَظ,VERB,صحي,نوض,نهض,قاعد,صحح,في,نوى,ولى,سعى
62,express,express,سَرِيع,ADJ,اكسبرس,مستعجل,مزروب,يسبر,اسمر,متعطل,مسقع,غاوي,دافي
63,souvenir,souvenir,تَذْكار,NOUN,سوفنير,ذكرى,تحفة قديمة,سونتر,سخونية,هدمة,هبطة,صوبة,صورة
66,necessary,nécessaire,ضَرُورِيّ,ADJ,مهم,واجب,مستلزم,لافت,ملايم,واجد,واجي,مستكوزي,مستعجل
68,zoo,zoo,حَدِيقَة ال+ حَيَوانات,NOUN,حديقة الحيوانات,جنينة الحيوان,بوسكو,يو,هو,ورقة الدوا,ذا الحين,بوبو,بوس
76,garden,jardin,حَدِيقَة,NOUN,بستان,جردة,زراعة,بنينة,جرنان,حقه,موضة,زريعة,زرعة
79,sick,malade,مَرِيض,ADJ,تعبان,سهران,متوعك,خربان,معبا,قليل,جليل,احمر,اسمر
84,why,pourquoi,لِماذا,ADV,ليه,وعلاش,لليش,مكاش,هين,را,وقتاش,بايش,هنوه
92,help,aider,ساعَد,VERB,عاون,سند,سعف,دعى,ندع,خمم,قدم,سعى,فز
95,credit,crédit,ٱِئْتِمان,NOUN,كريدي,قرض,بطاقة ائتمان,مصيد,صيد,قيض,دحين,بطاقة دخول,بيت الما
96,thanks,merci,شُكْراً,NOUN,مشكور,يعطيك الصحة,متشكر,مرة,مجرى,عشي,عيش,صنة,صفحة
97,service,service,خِدْمَة,NOUN,معروف,مساعدة,مزية,مصروف,مغراف,طلة,طيب,مزيكة,اشارة
98,cigarette,cigarette,سِيجارَة,NOUN,دخان,جيرو,سيكارة,دراع,دباب,كارو,جاري,تبسي,طبسي
100,tie,cravate,رَبْطَة عُنْق,NOUN,كرافات,ربطة,جرافة,صرفة,كارتة,صباط,سباط,صرافة,كروة
104,headache,mal de tête,صُداع,NOUN,وجع الراس,حريق الراس,ميجران,حدا,صدفة,وداعة الله,بيت الما,مجمع,شلية
105,cancel,annuler,أَلْغَى,VERB,كنسل,مسح,انولا,طل,نطل,منح,مسك,اول,انسلخ
107,where,où,أَيْنَ,ADV,فين,على هين,فينه,حين,بتين,همين,هم,هانه,كيفه
110,entrance,entrée,مَدْخَل,NOUN,دخول,باب رئيسي,طرقة,دبلة,بدلة,منشفة,صنف,طاقة,طريقة
116,worry,se inquiéter,قَلِق,VERB,تقلق,توسوس,فزع,تريق,بحلق,خلف,هد,فز,اتوهم
117,accident,accident,حادِث,NOUN,اكسيدون,دعمة,كسدة,اسيون,مادام,عمة,دكمة,كسوة,كنية
118,order,commande,طَلَب,NOUN,اوردر,امر,,كورنر,ابرطر,امن,زمر,مبلا,بوكس
120,beef,boeuf,لَحْم بَقَرِيّ,ADJ,لحم عجل,بقري,شمبري,معطل,متعطل,عدل,عطل,مبطي,بكله
123,bus,bus,حافِلَة,NOUN,بص,بوس,كار,صاص,بصة,موس,يم,دار,كارو
124,local,local,مَحَلِّيّ,ADJ,بلدي,منزلي,موضعي,بجد,باقي,منزل,امانة,مثني,جوهري
131,steak,steak,شَرِيحَة لَحْم,NOUN,ستيك,شطفة لحم,بفتيك,سويك,شيك,شطفة,قرعة,قحمة,شركة
135,foreign,étranger,أَجْنَبِيّ,ADJ,خارجي,براني,افرنجي,جريب,صعيب,سوري,واجد,فري,ابري
136,use,usage,ٱِسْتِخْدام,NOUN,استعمال,استغلال,ستعمال,استعجالي,استعلام,فاكية,فليجة,سعما,امال
137,natural,naturel,طَبِيعِيّ,ADJ,عادي,ناتورال,فطري,ثاني,باهي,اهواي,داروا,فري,فير
140,hear,entendre,سَمِع,VERB,تسمع,فهم,تصنت,سمع,تسمح,هم,نهم,اتصنت,استر
142,view,vue,مَنْظَر,NOUN,مشهد,فيو,فرجة,مشاي,موعد,فير,عطلة,فرزة,فرة
143,coat,manteau,مِعْطَف,NOUN,كوت,جاكيتة,بالطو,كوتي,كوس,فترة,سفرة,كود,كبوس
148,class,classe,دَرَجَة,NOUN,مستوى,مكانة,طراز,طبخة,كلاص,صج,صك,طران,طراد
149,shirt,chemise,قَمِيص,NOUN,شميز,فنيلة,قمجة,ميز,شميزة,فاميلة,شيرة,قمة,سفرية
151,watch,regarder,شاهَد,VERB,شاف,ابصر,دحج,عاف,تربع,حور,طلع,راعى,غير
156,arm,bras,ذِراع,NOUN,ايد,ساعد,دراع,قد,صيد,زنس,سند,كراع,درج
159,lock,enfermer,أَغْلَق,VERB,سكر,شد,طفى,قال,سبر,تربع,قد,طرى,غفى
160,child,enfant,طِفْل,NOUN,فرخ,بيبي,صبي,جليد,فرة,وفد,وادم,لنتي,بي
161,room,chambre,غُرْفَة ، حُجْرَة,NOUN,بيت,دار,صفة,بيس,بين,موضة,كار,صحة,صفحة
164,friend,ami,صَدِيق,NOUN,امي,خبير,زميل,ام,امن,رب,آل,ميل,ريم
166,side,côté,جانِب,NOUN,طرف,ناحية,صفحة,طرب,وجع,ام,فوج,صفة,صحة
170,different,différent,مُخْتَلِف,ADJ,غير,عكس,متفاوت,صغير,فير,فرش,فري,عدل,قبال
171,shower,douche,دُوش,NOUN,حمام,شاور,بانيو,لمام,حرام,شور,شاذر,سبتة,صبوح
173,country,pays,بَلَد,NOUN,دولة,قطر,ديرة,دوخة,دورة,كيف,ريح,دايرة,سيرة
174,new,nouveau,جَدِيد,ADJ,حديث,جديد لنج,مودرن,رديء,ردي,كوري,سوري,فري,شديد
175,bottle,bouteille,زُجاجَة,NOUN,بطل,قزازة,غرشة,اطل,بكل,قزاز,اجازة,جرعة,كيشة
178,street,rue,شارِع,NOUN,طريق,زنقة,زاروب,حريق,درك,فرقة,زنس,سحارة,حجارة
179,trip,voyage,رِحْلَة,NOUN,سفرة,طلعة,جولة,سهر,سور,طلة,سلعة,رودة,جوة
182,night,nuit,لَيْل,NOUN,مسا,عشا,فالليل,مشا,عشت,مشي,عمي,بالليل,الليلة
183,place,endroit,مَكان,NOUN,موقع,جهة,دعنة,مول,موضة,جيهة,طرح,لعنة,دعمة
184,sure,sûr,مُتَأَكِّد,ADJ,اكيد,من جد,متيقن,سوى,سوري,حقيقة,عن جد,مزيان,مليق
190,double,double,مُزْدَوِج,ADJ,مضاعف,ثنين,زوز,اقل,عفش,مقبل,قنين,عزوز,مجهز
191,meal,repas,وَجْبَة,NOUN,صحن,فطور,روبى,شكل,شحن,رس,درب,طلة,مكلة
192,doctor,médecin,طَبِيب,NOUN,دكتور,حكيم,تكتور,فكتورة,شختورة,حكي,ميدان,دختر,مكتوب
193,police,police,شُرْطَة,NOUN,بوليس,درك,لابوليس,بولي,بلوس,تمن,امة,صعدة,نجاع
195,boat,bateau,قارِب,NOUN,زورق,فلوكة,طراد,باتي,مركوب,بسبور,وابور,لنجة,طران
199,letter,lettre,خِطاب,NOUN,مكتوب,كلمة,قرطاسة,جوا,جاب,كمة,كلية,برودة,بروج
200,hat,chapeau,قُبَّعَة,NOUN,شابو,كاسكيت,كلاو,شاب,طاقة,ناب,كعب,كلمة,كلاص
202,soup,soupe,حَساء,NOUN,شربة,مرقة,صوبة,شرحة,شرفة,مرة,فرقة,طوبة,صوب
203,clothes,vêtement,مَلابِس,NOUN,هدوم,كسوة,قش,طياب,اياب,وي,زين,طش,قشر
205,dish,plat,طَبَق,NOUN,صحن,تبسي,صينية,صحة,شحن,بلاش,سبسي,ورا,قطعة
207,form,formulaire,ٱِسْتِمارَة,NOUN,نموذج,ورقة,اورنيك,نمونة,كموند,فرقة,طلة,كيشة,كلية
209,"want , would like",vouloir,أَراد ، وَدّ ، رَغِب,VERB,حب,كان مشتهي,اشتى,سلب,احتار,عاش,شاط,اشتا,حاتى
211,smoking,fumer,تَدْخِين,NOUN,دخان,شراب السجاير,دوخة,دباب,دزدان,ورا الظهر,كرت السعر,دورة,كيف
212,sit,se asseoir,جَلَس,VERB,قعد,تربع,كدس,قاعد,قد,روح,ريع,هجر,هج
214,"best , better",meilleur,أَفْضَل,ADJ,احسن,خير,ازبط,اجدد,اجد,بخير,خطير,اعزب,ابري
217,seem,sembler,بَدا,VERB,شكله,كان شكل,تهايا,بات,كان,وجه,كعد,راح,لاحق
218,operator,opérateur,عامِل ال+ تِلِفُون,NOUN,عامل التلفون,عامل المقسم,المرة,عامل الفندق,ام الخلول,بدلة,ازالة,بالمرة,امة
219,explain,expliquer,شَرَح,VERB,وضح,فصل,علل,بيت,فكر,جبر,عبر,عتل,عزل
220,depend,dépendre,تَوَقَّف عَلَى,ADP,اعتمد,قايم على,اتكل,سع,جنب,ساير صلى,بالاضافة,اشتغل,فحال
222,table,table,مائِدَة,NOUN,طاولة,طبلية,تخت,خاولي,اول,طبخة,طابة,فرة,ولية
224,stomach,estomac,مَعِدَة,NOUN,بطن,كرشة,ليسطومة,كطن,بين,غرشة,كرة,ديسطونس,ليسونس
226,steal,voler,سَرَق,VERB,باق,اختلس,شل,نهض,ذهب,ساب,نشد,طل,شاط
227,give,donner,أَعْطَى,VERB,جاب,هز,مكن,ساب,جاز,نال,غدى,ممكن,تمكن
228,seat,place,مَقْعَد,NOUN,مكان,محل,دكة,كان,تكان,بلاكة,صعدة,سكة,دكمة
230,size,taille,مَقاس ، حَجْم,NOUN,طول,كبر,قامة,جول,قش,ياي,كفر,قائمة,قمة
231,"speak , talk",parler,تَحَدَّث ، تَكَلَّم,VERB,قال,اتحاكى,تجابر,تكلم,سلم,حوى,هبر,دشدش,حاكى
232,look for,chercher,بَحَث,VERB,فتش,ابصر وين,لوج,حور,دوز,جلب,طلب,نشل,تحكى
233,maybe,peut-être,رُبَّما,ADV,امكن,قد يكون,بيجوز,بالاك,بلكشي,احين,امتين,يجوز,بايش
235,case,cas,حالَة,NOUN,كيس,قضية,مسألة,كاس,كويس,طرف,تقضية,مساحة,ماكلة
236,bed,lit,سَرِير,NOUN,فرش,عن قريب,ناموسية,قرش,فرة,قريب,تقريب,قعاد,يخت
237,driver 's license,permis de conduire,رُخْصَة قِيادَة,NOUN,رخصة,برمي,اجازة,رخص,خرخرة,بري,برمة,ازازة,جزازة
238,wonderful,merveilleux,رائِع,ADJ,هايل,شي كبير,بيعقد,جليل,عليل,خير,يصير,يهبل,باهي
239,plate,assiette,طَبَق,NOUN,صحن,ماعون,وعا,شحن,صحة,معونة,ماين,رحلة,سبسي
241,lipstick,rouge à lèvre,أَحْمَر ال+ شِفاه,NOUN,روج الافر,احمر شفايف,بترة,حارة,نمرة,ومية,سومة,سترة,عوار
242,call,appel,مُكالَمَة,NOUN,اتصال,مخابرة,تعيطة,امال,اتجاه,قبال,اكال,تيكة,تعياط
244,fever,fièvre,حُمَّى,NOUN,حرارة,سخانة,حرارة مرتفعة,سمانة,حجارة,كلونية,صونية,باباة,ردة
245,old,vieux,قَدِيم,ADJ,عتيق,عجوز,شارف,شايح,خايب,مجوز,شابة,طارف,مقرف
248,picture,photo,صُورَة,NOUN,تصويرة,رسمة,تابلوه,تضويرة,مصويرة,رسوم,ريم,فوز,فوقت
249,line,ligne,خَطّ,NOUN,سطر,صف,طابور,قطر,سور,صج,حق,وابور,بابور
250,serve,servir,قَدَّم,VERB,ضيف,سيرفى,دنى,خمم,قدم,عرف,امل,سلب,درى
251,idea,idée,فِكْرَة,NOUN,ايدي,راي,شور,ياي,تاي,مشي,رس,شوي,سور
254,pay,payer,دَفَع,VERB,خلص,تك,اوفى,سرد,سند,سدك,شك,وفى,ساوى
259,people,gens,ناس,NOUN,اهل,رجال,جماعة,نفس,اكل,قوام,درب,يمة,جمادة
260,subway,métro,مِتْرُو ال+ انَفَاق,NOUN,مترو الانفاق,قطار الانفاق,نفق,موتر,جيرو,قطر,فطور,نفر,ترينو
261,"baggage , luggage",bagage,مَتاع,NOUN,اغراض,شناطي,شواكيش,جنطة,شط,عيش,شحنة,جنب,جني
263,right,bon,صَحِيح,ADJ,صح,كاين منها,باهي,قصح,صج,مزبوط,عجل,زاهي,باقي
265,price tag,étiquette de prix,بِطاقَة ال+ سِعْر,NOUN,سعر,كرت,علامة,سهر,سير,تيكا,جاج,تكت,كار
266,put,mettre,وَضَع,VERB,حط,ترك,ذب,حل,حطم,قرب,برك,كب,ذهب
268,aisle,couloir,مَمَرّ,NOUN,كولوار,ممشى,مخطف,روتور,مخمرة,مشى,منشف,حجة,حجاة
270,wonder,demander,تَساءَل,VERB,استغرب,تعجب,استفسر,اغترب,استقرض,تعقب,انعجب,استخبر,استفاد
272,join,joindre,ٱِنْضَمّ,VERB,اشترك,انتمى,ولى,دخلي,خل,جاز,جر,دق,وصى
274,family,famille,أُسْرَة,NOUN,عايلة,ناس البيت,لافامي,اطل,ميلة,فانيلة,امجاد,حل,آلة
275,building,bâtiment,مَبْنَى,NOUN,عمارة,بنيان,موبل,امارة,شقارة,بنة,بلا,مودل,مول
276,help,aide,مُساعَدَة,NOUN,دعم,مساندة,نجدة,بون,دعمة,زند,سقد,ميلة,جمعية
277,what time,à quelle heure,مَتَى,ADV,الساعة كم,متين,احين,مقتى,تى,امكن,بقداش,حين,اي حين
278,break,casser,كَسَر,VERB,خرب,صار رجيع,حطم,خنب,ضرب,دق,زت,طب,بحبش
280,start,commencer,بَدَأ,VERB,ابتدا,شرع,كماصا,اشتا,استضا,كرع,هرس,بدى,باصر
281,send,envoyer,أَرْسَل,VERB,ودى,وجه,صافط,ولى,ادى,وصى,جه,طبش,عدى
283,ready,prêt,جاهِز,ADJ,مستعد,مجهز,واتي,واعر,جائز,مجوز,واجب,واطي,واجي
284,dress,robe,فُسْتان,NOUN,روبة,ثوب نسائي,كسوة,نوبة,طوبة,دري,قريدس,بدالة,كروة
287,customs,douane,ال+ جَمارِك,NOUN,ديوانة,الرسوم,التفتيش,ليونة,سيمانة,جمارك,رسوم,لافان,اوان
289,center,centre,مَرْكَز,NOUN,سنتر,مقر,فسط,بوسط,بقلب,ورطة,محضر,فسخ,فوسط
290,prescription,ordonnance,رُوشِتَّة ، وصفة دواء,NOUN,وصفة,اردوننس,ورقة الدوا,صفة,وصية,ارجنس,ارجونس,تسكرة,تيكة
292,good,bon,جَيِّد,ADJ,جميل,بخير,يشهي,مليق,زوين,خطير,اخير,ثنين,قنين
294,do you mind,ça vous déranger,هَلْ تُمانِع,VERB,لو سمحت,عفوا,وخا,ما ضل,عن باله,مكن,تمكن,وكف,طرا
295,problem,problème,مُشْكِلَة,NOUN,اشكالية,ورطة,بلشة,اكال,الحال,وسطة,ورقة,جزمة,سلفة
298,include,comprendre,شَمِل,VERB,اشتمل,فيه,خشش,هم,ضل,ثمن,غفي,ادرك,تفرج
300,hot,chaud,ساخِن,ADJ,حامي,يحرق,ملهلب,حاضر,حر,داوي,وافد,يسبر,خاوي
303,return,retour,عَوْدَة,NOUN,رجوع,ردة,اياب,طلوع,رسمة,مدة,جردة,جيم,جيهة
304,elevator,ascenseur,مِصْعَد,NOUN,سانسور,صونصير,اصنصيل,سانتورة,سي سور,لفظ,لفة,صونية,خنزير
305,business,affaire,عَمَل,NOUN,شغل,افير,مهمة,شكل,شغال,صنة,حجة,هدمة,مهرة
306,find,trouver,وَجَد,VERB,لقي,جبر,صاب,بقى,لقط,دار,شطف,عصر,غاب
307,stop,arrêter,تَوَقَّف,VERB,حبس,اتعطل,تبسمر,كبس,نطل,طل,حصل,جبد,حمد
310,see,voir,رَأَى,VERB,شاف,نظر,رابى,خاف,عاف,بات,نطر,بيت,حضر
311,suggest,suggérer,ٱِقْتَرَح,VERB,عرض,طرح,وصى,عرف,فر,طرى,طاح,وصل,وفى
312,floor,étage,طابِق,NOUN,دور,ايتاج,طاق,دار,مور,تاج,ايعاز,طاس,طاقة
314,go,aller,ذَهَب,VERB,مشي,رحل,ضوى,راد,رزح,فتت,تحرى,حوى,روى
317,keep,garder,ٱِحْتَفَظ,VERB,حفظ,حافض على,دعى,ختى,خلف,حصل على,على باله,سعى,تبقى
318,jacket,veste,سُتْرَة,NOUN,جاكت,قميص,كبوت,جاكيتة,ذات,حلوف,قيد,كبوس,كود
322,like,aimer,أَحَبّ,VERB,اعجب,بغى,اشتا,عجبه,تعجب,نوى,روى,ركب,اشتى
323,ask,demander,سَأَل,VERB,طلب,استفسر,سقسى,طلع,طل,نجد,شد,قسم,تقفى
324,exchange,change,صَرْف,NOUN,تبديل,شونج,مقايضة,تبطيل,تنزيل,تحصيل,بدلة,مقابلة,ملاية
326,rent,louer,ٱِسْتَأْجَر,VERB,اجر,كرى,ستقعد,اجى,اشر,صرى,طرى,قعد,ساند
327,departure,départ,مُغادَرَة,NOUN,انطلاق,طلوع,شومة,بروج,فروج,ديسار,مشى,سيدة,سومة
332,box,boîte,صُنْدُوق,NOUN,كرتون,علبة,باكو,ريون,كروة,حقة,بوك,باكي,بانو
334,work,travail,عَمَل,NOUN,دوام,موضوع,كد,شتلة,شغال,هدمة,موزع,مرة,مامة
338,press,appuyer,ضَغَط,VERB,زر,عصر,سدك,زت,زخ,عثر,برم,حوس,سد
340,follow,suivre,ٱِتَّبَع,VERB,لحق,راقب,ترصد,تربع,تابع,طارح,قمر,تعب,تلف
341,list,liste,قائِمَة,NOUN,جدول,لايحة,فهرس,جول,كيف,دائرة,دايرة,فلوس,فير
343,exit,sortie,خُرُوج,NOUN,منفذ,طلعة,صرفة,مدرج,خرج,طلة,سلعة,صرفية,شرفة
344,front,"en face de , face à",أَمام,NOUN,مقدمة,مقابيل,فوش,ادام,قوام,وجهة,موجه,فوج,قعاد
345,single,simple,مُفْرَد,ADJ,وحيد,فردي,مفرداني,ردي,وافد,صردة,خايب,براني,مركاني
346,part,partie,جُزْء,NOUN,طرف,حصة,نتفة,ظرف,كسم,خوي,حقة,شطة,حكة
347,use,utiliser,ٱِسْتَخْدَم,VERB,خدم,شغل,تعاطى,شكل,خمم,اتغلب,استنى,وكف,توظف
349,drink,boisson,مَشْرُوب,NOUN,شراب,بواسون,حاجة نشربها,شاب,شربت,شرحة,شرفة,زرعة,جمعة
350,great,génial,عَظِيم,ADJ,مهم,شي كبير,موش نرمال,كتير,رافع,اضخم,رزين,تحفة,لايق
351,drop,tomber,سَقَط,VERB,طاح,تفلت,نكع,نشل,نقل,طل,ذب,كبس,هبش
352,happen,passer,حَدَث,VERB,جرى,طرى,داز,دار,حل,درى,طرش,داس,صايب
353,change,monnaie,فَكَّة,NOUN,صرافة,تبديل,فراطة,صرفة,صف,كرافة,جرافة,فرشية,طماطة
355,fill,remplir,مَلَأ,VERB,ترا,حشا,ترس,عار,عبى,حيا,اول,هرس,ترك
356,ticket,billet,تَذْكَرَة,NOUN,تكت,بطاقة دخول,بيي,تخت,تيكت,تيكة,طاقة,بيبي,بري
357,other,autre,أُخْرَى,ADJ,غير,واحد آخر,لاخ,فير,صغير,باهي,وحد آخر,ماخر,لخر
360,have,devoir,ٱِضْطَرّ,VERB,كان لازم,كان خاصه,تلز,كان لازمه,صار لازم,عزم,جزم,تلف,تلا
361,by the way,au fait,بِ+ ال+ مُناسَبَة,NOUN,بالمناسبة,حقا,لعلمك,على بين,بالسلامة,حصة,حبة,علم,عم
366,order,commander,طَلَب,VERB,امر,كلف,فوض,ام,اقر,تلف,توكل,فوت,فول
368,full,complet,كامِل,ADJ,مملي,ممتلي,متروس,مزيان,تمام,مسلي,كحل,مقبل,جاف
369,finish,finir,ٱِنْتَهَى,VERB,فنش,تم,انعدم,نهض,خلى,دبر,هبر,تسالا,وصى
371,moment,moment,لَحْظَة,NOUN,دقيقة,شوي,نوبة,شقيقة,ديرة,شوز,شتي,ولية,طوبة
372,time,temps,وَقْت,NOUN,حين,زمن,اوان,سمن,زين,فرة,بترة,حلوان,واد
373,know,"savoir , connaître",عَرَف,VERB,دري,سمع,استخبر,درب,درس,علل,عزم,استخار,اتخابر
374,do,faire,فَعَل ، قام بِ+,ADP,نفذ,قام,سبر,الى,سع,كنه,لاما,كتر,ساير
381,food,cuisine,طَعام,NOUN,اكال,ماكلة,طياب,قول,بوت,اكلة,امال,طيب,دقمة
382,leave,partir,غادَر,VERB,راح,فات,هج,روى,طاح,صار,ساب,وعى,مر
383,"too , also",aussi,أَيْضاً,ADV,حتى,ثاني,همين,تماك,بركة,هانه,شقد,كام,هين
384,last,dernier,ماضِي,ADJ,اللي فات,فايت,اخراني,خير,ماخر,مصيت,فري,لخراني,زاز
386,need,falloir,ٱِحْتاج,VERB,لزم,اعتاز,بغى,عزم,جزم,جلب,حاز,بدى,بقى
387,money,argent,نُقود,NOUN,فلوس,بيس,مصاري,حمال,امال,بين,بوس,زغط,دكة
389,lady,dame,سَيِّدَة,NOUN,مادام,مدموزيل,حرمة,مقة,سع,امة,جامي,عملة,برمة
390,style,style,طِراز,NOUN,موديل,نمط,صورة,بكل,سيل,نوط,روضة,طريفة,صبيغة
392,report,rapport,تَقْرِير,NOUN,رابور,بلاغ,نبأ,كشن,كدف,بيات,ربيان,رب,نفر
394,enjoy,apprécier,ٱِسْتَمْتَع,VERB,انبسط,عيش حياتك,زهى,كلف,ضيف,عاف,عار,سيي,زكى
395,person,personne,شَخْص,NOUN,مخلوق,رجال,نسمة,عد,حق,زوز,زوم,نسبة,ودن
399,way,chemin,طَرِيق,NOUN,سبيل,خط,مسرب,درج,طرب,دكة,حكة,زمر,سحارة
400,turn,tourner,ٱِتَّجَه,VERB,دور,افتر,احترف,صف,هف,روح,اخذا,حوس,حمد
401,glass,verre,كُوب,NOUN,كاس,قلص,جلاص,كان,كاب,قلل,كلاص,مقر,مدة
402,"then , so","alors , donc",إِذَنْ ، فَ+,CCONJ,طب,اذا,عب,فبعدين,مي,يو,اما,اومبعد,بعد
405,show me,montres moi,أرِ +نِي,PRON,بين لي,ظهر لي,ارجيني,اينا,ديالي,اشو,شو,اينيه,الجن
406,work,"marcher , travailler",عَمِل,VERB,اشتغل,مارس,كد,خمم,قدم,تعقب,تعجب,قد,سد
407,call,"appeler , rappeler",ٱِتَّصَل,VERB,كلم,خابر,زهم,طل,سلب,دز,هم,ادى,زهى
410,let,laisser,دَعّ,VERB,خلى,خل,دخلي,هج,شد,اتريع,خلص,تفلت,فوت
412,tonight,ce soir,ال+ لَيْلَة,NOUN,الليلة,اليوم فالليل,العشية,طبلية,فالمية,اسا,بالكل,فيل,ذيل
414,discount,remise,خَصْم,NOUN,رميز,تنزيلات,اوكازيون,ميز,رمز,رسم,حسه,شونجمو,انولاسيون
415,kind,genre,نَوْع,NOUN,صنف,شكل,قالب,جنط,جني,بكل,شال,صوغة,نوط
419,come,venir,أَتَى ، حَضَر ، جاء,VERB,وصل,تفضل,مرق,غرف,شاء,وجه,فضل,ضل,ظل
420,think,croire,ٱِعْتَقَد,VERB,اتصور,عن باله,مخمخ,ظل,خاف,شبح,خدم,رن,ضمن
422,"store , shop",magasin,مَتْجَر ، مَحَلّ,NOUN,دكان,تكان,برادات,سجور,رتور,ساق,سور,خزر,مخطف
423,"just , only",seulement,فَقَط,ADV,بس,برك,اكهو,به,بعد,شي,بكم,اكو,هناكهو
424,large,grand,كَبِير,ADJ,ضخم,عود,شحط,اضخم,وافد,نود,كون,حر,براني
425,"have , get",avoir,حَصَل,VERB,جاب,كان,احتكم,مسك,عبر,نشل,نقل,حاج,جاز
426,make a call,passer un appel,أَجْرَى مُكالَمَة,NOUN,طلب,سوى اتصال,زهم,كلش,علم,حق,شق,زوم,عيش
427,tell,indiquer,أَخْبَر,VERB,قال,وصل,نبا,فول,بلش,حدف,فصل,درك,درس
428,check,vérifier,فَحَص,VERB,راجع,قلب,تمم,شك,شاط,قرب,جلب,فتت,فت
429,"stay , remain",rester,مَكَث,VERB,فضل,تم,استنى,خل,تجلس,عزل,ضن,استوى,ستنى
430,beautiful,beau,جَمِيل,ADJ,وسيم,مزيان,زاز,وسيع,جسيم,رزين,شيبة,داز,زوز
432,please,"s' il vous plait , veuillez",مِن فَضْل +ك,PRON,لو سمحت,من رخصتك,اترجاك,ليكا,خلا,وشو,تبعش,الا,هوما
433,have,avoir,لَدَى,NOUN,عند,معه,بيملك,عهد,عاد,لا,ع+,طرف,قطر
435,excuse me,excuser moi,ال+ مَعْذِرَة,NOUN,سامحني,سمحوا لي,المعذرة,معليه,سوجي,معله,مكلف,مساحة,ماله
436,sorry,désoler,آسِف,NOUN,متأسف,عذرا,معلهش,سوجي,سورية,معله,مع,ماله,معه
437,today,aujourd'hui,ال+ يَوْم,NOUN,اليوم,ذا اليوم,الليلة,الي,اسيون,ذا الحين,ما عليه,فالليل,يوم
439,very,très,جِدّاً ، ل+ ال+ غاية,NOUN,قوي,كثير,خيرات,خوي,وي,كرة,شكل,خضروات,بيات
440,well,eh bien,حَسَناً,NOUN,تمام,الحمد لالله,معله,لمام,طياب,دار,اخ,معلش,باكي
442,ah!,ah!,أَه!,INTJ,او,اخ,ياح,يو,وي,اوب,جاي,يا,آي
444,is ... true ?,est -ce que ... ?,هَلْ ... ؟ ، أَ+ ... ؟,PART ... ?,هل,صدك,اسكو,فيّ,اكدر,عادي,نجم,اسكه,اقدر
445,"could you ... ? , can you ... ?",peux -tu ... ?,هَل يُمكِنُ +كَ أن ... ؟,SCONJ ... ?,تقدر,تقدر تسوي,تنجم,,,,,,
447,duty-free,hors taxe,مُعْفَى مِن ال+ جُمْرُك,NOUN,معفي من الجمرك,من غير جمارك,معفي مالجمرك,لي فري,دورة كرش,عن قريب,جدول مواعيد,كونتاكت,اورجونس
449,good evening,bonsoir,مَساء ال+ خَيْر,NOUN,مساكم الله بالخير,مساك الله بالخير,ليلتك زينة,مور العصر,مور الظهر,سلعة,سباط,ليموزين,يا زينه
451,few,quelque,بِضْع,DET,بعض,قليل,حبة,هم,دهي,ديل,ذي,هذين,دهين
452,in front,devant,أَمام,NOUN,قدام,مقابل,مقابيل,قوام,ادام,قول,اتجاه,فالواجهة,مقابلة
453,hello,bonjour,مَرْحَباً,NOUN,سلام,خيرات,ازايك,صلا,هلق,بالسلامة,غير,سيدة,سفينة
455,how much,combien,بِ+ كَمْ,ADV,قداش,شكثر,شحال,هم,مكاش,اشكثر,مام,اببيش,جايز
457,most,la plupart,مُعْظَم ، أَغْلَب,DET,اكثر,الغالبية,لابلوبار,كار,اخرى,كمين,هاية,هاذولاك,هاذلاك
463,oh!,oh!,أَه!,INTJ,او,يا,اوب,اوي,اخ,ياح,آي,اي,ايوة
464,okay,ok,حَسَناً,NOUN,اوكي,ما عليه,ميسالش,مارشي,غاشي,خلال,تمن,روى,ايوه
465,go out,sortir,خَرَج,NOUN,طلع,راح,مشا,طلوع,طلة,مشي,ناح,مرة,حرق
466,"pardon , excuse me",pardon,عَفْواً,NOUN,عن اذنك,بعد اذنك,اعذرني,انفو,العن,معلش,خرب,مساحة,المرة
467,percent,pour cent,بِ+ ال+ مِئَة,NOUN,بالمئة,في المية,نسبة,بالمرة,المرة,فاميلة,بالوعة,نوبة,نسمة
469,someone,quelqu'un,شَخْص ما,PRON,احد,شي واحد,حدن,شني,احني,قوا,الهن,وحدك,حقش
470,such,tel que,مِثْل,NOUN,نفس,شبه,فحال,ناس,بيما,تكيف,كمة,مع,ست
472,get up,se lever,ٱِسْتَيْقَظ,VERB,قام,ناض,صبي,قامر,ام,صرى,وطي,يبي,كد
473,what,quoi,ماذا,PRON,شني,شلون,وشهو,انو,وشنو,موه,اشوف,شنوما,وشوه
476,"will , shall",aller,سَوْفَ ، سَ+,PART,راح,باش,بش,م+,هم,ماش,ماشي,لع,لو
477,wow,wouaou,واو,NOUN,الله,بالله,اوو,تو,ضو,وش,فيو,ايوه,يعوه
478,"yes , yeah","oui , ouais",نَعَم ، أَجَل,INTJ,ايوه,هيه,باهي,يا,وي,اوي,آح,ايوا,لع
491,twelve,douze,إثْنَا عَشَر,NUM,اثنعشر,اثنعش,اثنعشن,الثنعش,احدعشر,الثناعش,الاثناعش,احدعشن,ايدعش
533,eleventh,onzième,ال+ حادِي عَشَر,NUM,الحادي عشر,الاهدعش,حدعشر,اهدعش,ايدعش,احدعشن,ادعش,احدعشر,هدعشر
535,thirteenth,treizième,ال+ ثالِث عَشَر,NUM,الثالث عشر,الثلاثتاعش,الثلاثتعشر,الخامس عشر,الاثنعشر,ثلاثتعشن,ثلثتعش,ثمانتعشر,الثمانتعشر
538,sixteenth,seizième,ال+ سادِس عَشَر,NUM,السادس عشر,ستتعش,الستتعشر,التسعتعش,التستعتعش,ستتاعش,ستتعشن,التسعتعشر,السبعتعشر
539,seventeenth,dix-septième,ال+ سابِع عَشَر,NUM,السابع عشر,السبعتعش,السبعتعشر,سبعتعشن,سبعتعشر,التسعتعش,الاربعتعش,الاربعتعشر,التسعتعشر
540,eighteenth,dix-huitième,ال+ ثامِن عَشَر,NUM,الثامن عشر,الثمانتعش,الثمانتعشر,الخامس عشر,الاثنعشر,ثمنتعشر,ثمانتعشل,ثمانتعشن,الثلاثتعشر
541,nineteenth,dix-neuvième,ال+ تاسِع عَشَر,NUM,التاسع عشر,تسعتعش,التستعتعش,الخامس عشر,رابع عشر,تسعتعشن,تسعتاعش,سبعتعشر,ستتعشر
571,about,environ,حَوالَي,NOUN,تقريبا,زي,علاين,جريب,ريح,مول,امال,ولاية,واياك
579,then,ensuite,ثُمَّ,CCONJ,وبعدين,خلاف,اومبعد,يو,مي,لعد,بصح,امبعد,ياخي
580,another,autre,آخَر,ADJ,ثاني,وحد آخر,اللخري,فير,تاني,واحد آخر,كاين,ماخر,الدار
581,around,vers,حَوالَي ، حَول,NOUN,جنب,جويه,جيهة,ضرب,جريب,حقا,عهد,جهة,تلج
582,as,comme,كَ+,ADP,زي,كنه,سعما,زيد,في,صنع,لين,مع,ع+
584,at,chez,عِنْد,NOUN,في,جنب,حذا,فيو,فل,و+,بجنب,حيا,حقا
585,because,parce que,لِ+ أَنَّ,SCONJ,لانه,علىشان,بارسكو,ان,او,ذيك,ذاك,هذاك,هذك
587,behind,derrière,خَلْف,NOUN,ورا,بعد,مور,وعا,سرا,بلد,برد,مرور,مول
588,beside,près,جِوار,NOUN,عند,حد,بجنب,تم,سند,حق,حز,اوتي,تلج
590,but,mais,لٰكِنْ,CCONJ,ولكن,مي,بصح,يو,تو,اذا,امالا,بعد,ابري
592,during,pendant,خِلال,NOUN,وقت,طول,فوقت,لمام,للا,فيل,يم,فوج,بواسون
595,except,sauf,عَدا,VERB,ما عدا,كان,منعدا,تلا,سالا,غيب,كبس,انعدم,نجد
596,for,pour,لِ+ ، مِن أَجْل,NOUN,عشان,حق,منشان,محل,ميل,ل+,بحال,فنجان,منفاخ
600,inside,à l' intérieur,داخِل,NOUN,الداخل,جوات,فوسط,جول,داخل,قلب,بيا,وسط,فسط
601,like,comme,مِثْل,NOUN,كي,شبه,فحال,بيما,لما,نفر,حال,سيما,هسع
602,near,près,قُرْب,NOUN,جنب,حد,بجنب,عهد,جنط,كد,حك,اوتي,كوتي
604,no,non,كَلّا,INTJ,لا لا,ما شي,هائه,يا,سم,اي,يو,وي,هيه
606,take off,baisser le prix,خَصَم,NOUN,نقص,قلل,هبط السومة,نص,ندر,حولي,مال,ضحى,اخص
609,outside,à l' extérieur,خارِج,NOUN,برات,برا,برع,بترة,فرة,ابري,اوبا,فرع,برد
613,some,"du , quelque",بَعْض,NOUN,شي,حد,حبة,شط,شلية,عد,ود,حصة,حسبة
616,"go through , cross",passer,عَبَر,VERB,قطع,جاز,مرق,بص,قطر,مد,عاز,حاز,دز
617,"till , until",jusque,حَتَّى,ADP,لحد,الى,لبين,ع+,هم,في,على,قام,سعما
619,toward,vers,ٱِتِّجاه,NOUN,باتجاه,ناحية,فير,جية,جوة,لص,ح+,خير,فيل
622,while,pendant,أَثْناءَ,NOUN,خلال,لمن,بوندون,ح+,كما,فك,فل,بوطون,بواسون
625,without,sans,دُون,NOUN,بدون,بلا,مبلا,بون,ندوة,بلم,باش,طبعا,لا
628,mine,"le mien , la mienne , les miens , les miennes",لِ +ي,PRON,مالي,بو حالي,مالتي,تبعه,مالك,دياله,حالك,تاعه,مالته
630,myself,moi-même,نَفْس +ِي,PRON,روحي,ذات نفسي,نيت,روحش,ذاته,حالش,وحده,انت,ايه
635,our,nôtre,لَ +نا,PRON,حقنا,بو حالنا,مالتنا,انا,مالها,حالها,حالهم,تاعها,تبعها
636,ourselves,nous-même,أنْفُسِ +نا,PRON,روحنا,ايدينا,وحدنا,روحهم,روحهن,حالها,ذاتا,وحدها,وحدش
641,yours,"le tien , la tienne , les tiens , les tiennes",لَ +كَ,PRON,حقك,حالك,تاعك,الا,حقكن,حالش,مالكم,متاعه,دياله
642,yourself,toi-même,نَفْس +كَ,PRON,نفسك,وحدك,نيت,ذاتكي,ذاتكم,حالكم,وحده,هيو,شني
647,yours,"le tien , la tienne , les tiens , les tiennes",لَ +كِ,PRON,لك,بو حالش,الكي,حالك,الكن,بو حالك,بو حالي,تبعكن,الكو
648,yourself,toi-même,نَفْس +كِ,PRON,نفسكي,انتي ذاتك,روحش,روحكن,ذاته,لالك,راسي,نفسجن,ذاتكو
649,you,vous,أَنْتُما,PRON,انتن,انتو الاثنين,ثنينكم,انو,انته,انتوم,انتي,نتوم,لجن
652,yours,"la vôtre , le vôtre , les vôtres",لَ +كُما,PRON,حقكم,بو حلكن,لجن,لالكم,الكي,بو حالهن,بو حالهم,حالك,تبعهم
653,yourself,vous-même,نَفْس +كُما,PRON,نفسكم,انفسكن,نفسجن ثنينجن,نفسيكم,نفسهم,انتم الاثنين,روحهم,روحهن,مالكم
657,yours,"la vôtre , le vôtre , les vôtres",لَ +كُم,PRON,حقكم,بو حالكم,لالكو,حقكن,الكي,مالك,بو حالكن,مالتكن,حالكن
658,yourself,vous-même,نَفْس +كُم,PRON,انفسكم,روحكم,حالكم,انفسكن,نفسهم,نفسيكو,روحكن,لالكم,نفسكي
662,yours,"la vôtre , le vôtre , les vôtres",لَ +كُنَّ,PRON,حقكم,حقكن,ديالكم,حالكم,كم,الهن,الج,مالهن,تبعك
663,yourself,vous-même,نَفْس +كُنَّ,PRON,نفسكم,روحكم,حالكم,نفسهم,نفسكي,نفسهن,روحهم,ذاتكم,حالهم
668,his,"le sien , la sienne , les siens , les siennes",لَ +هُ,PRON,ماله,بو حله,مالته,حقهن,الج,بو حالهم,بو حالش,تاعي,تبعها
669,himself,lui-même,نَفْس +هُ,PRON,نفسه,وحده,بايده,روحهم,نفسش,راسي,وحدهم,بايدها,بايدهم
674,hers,"le sien , la sienne , les siens , les siennes",لَ +ها,PRON,حقها,حالها,ديالها,الهن,حقهن,مالهم,حالهن,مالتهن,تاعه
675,herself,lui-même,نَفْس +ها,PRON,روحها,هي ذاتها,بايدها,روحهن,روحنا,راسهم,ذاتنا,بايدهم,بايده
676,they,ils,هُما,PRON,هن,هنا,هنن,هنه,هين,انا,شنوا,حدن,انو
680,theirs,"la leur , le leur , les leurs",لَ +هُما,PRON,لهم,مالهم,تبعهن,حلهم,حاله,بو حله,مالتهم,حلهن,تبعه
681,themselves,eux-même,نَفْس +هُما,PRON,نفسهم,وحدهم,ذاتهن,نفسكو,نفسجن,وحدكم,حاله,بايدكم,ذاتها
686,theirs,"la leur , le leur , les leurs",لَ +هُم,PRON,حقهم,تبعهم,الهن,لالهم,مالها,بو حاله,تبعها,حلهن,تاعه
687,themselves,eux-même,نَفْس +هُم,PRON,نفسهم,هم ذاتهم,نفسهن,انفسهن,نفسكن,روحكم,حاله,ذاتها,ذاتكن
688,they,elles,هُنَّ,PRON,هم,هوما,هنه,#+هن,#+ها,نتوما,هيها,هنا,هين
692,theirs,"la leur , le leur , les leurs",لَ +هُنَّ,PRON,حقهم,الهن,تبعهن,لالهم,حالهم,بو حاله,بو حلهم,حلهم,حالكن
693,themselves,eux -même,نَفْس +هُنَّ,PRON,انفسهن,حالهم,نيت,نفسجن,انفسكن,حاله,حالكم,ذاتكن,وحده
694,this,"ce , cet , ceci",هٰذا,DET,هاذا,ذا,ذيه,هادك,هاذو,هاذي,هذني,دهي,تيه
695,this,"cette , celle -ci",هٰذِهِ,DET,هاذي,هاي,دهي,هاذ,ديك,هاية,هذين,دهو,دهون
699,that,"cela , celui -là",ذٰلِكَ,DET,ذاك,هداك,دهو,هدوك,ذا,ذيه,ديل,دهين,دهي
703,what,que,ماذا,PRON,واش,شنيا,شنوما,انو,حنو,وشو,وشهو,مو,اشوف
709,there is not ...,il n' y a pas,لَيْسَ هُنالِكَ ، لَيْسَ ثَمَّةَ ، لَيْسَ هُناكَ,ADV,مافيهش,ماكو,مابهش,فينه,جايز,اكو,اكهو,كاين,قداش
710,fare,tarif,أُجْرَة,NOUN,سعر,حق,نول,سهر,سير,حز,حقه,نشل,اول
714,black,noir,أَسْوَد,ADJ,اخضر,كحل,شوشان,اخير,مخضر,احمر,شحط,هوين,سهران
715,shoot,tirer,أَطْلَق,VERB,ضرب,طق,حدف,هات,طب,دون,نطق,شارط,كبس
717,declare,déclarer,أَعْلَن,VERB,بين,ديكلارا,روج,نال,صلح,تابع,عاش,روح,لوج
719,mother,mère,أُمّ,NOUN,والدة,مامة,ماين,دابا,قامة,مهمة,امة,امال,بين
720,son,fils,ٱِبْن,NOUN,عيل,طفل,ضنى,وفد,عيط,عد,وج,ضحى,عدى
722,listen,écouter,ٱِسْتَمَع,VERB,اتسمع,اتصنت,تنصت,مد,سعى,تصنت,اتسدح,تفلت,تنشن
727,extra,supplémentaire,إِضافِيّ,ADJ,زيادة,احتياط,بزايد,زياة,اجد,انتيكا,روتيني,بزاف,بريد
728,tire,pneu,إِطار,NOUN,تاير,بنو,دولاب,تاي,عملة,نفر,كار,برودة,روضة
733,exchange,échanger,بَدَّل,VERB,صرف,فك,قايض,حور,صف,فت,شك,ريض,ايد
735,simple,simple,بَسِيط,ADJ,سهل,هوين,بديهي,زين,فادح,زوين,يسبر,بسيط,اهلي
742,shopping,shopping,تَسَوُّق,NOUN,شرا,شوبينغ,تمهار,ورا,شرق,شوميز,بين,قضية,بنيان
745,tv,télé,تِلْفِزيُون,NOUN,تي في,تلفزة,لاتيلي,تيكي,لي فري,سلفية,بلوزة,جاتني,سايي
749,timetable,horaire,جَدْوَل,NOUN,وقت,جدول مواعيد,ساعة,وقف,فوقت,جولة سياحية,دوب ما,ساعد,ساحة
752,shrimp,crevette,جَمْبَرِيّ,NOUN,كروفات,روبيان,شفرات,دروات,كراع,بيان,روحان,فراش,شربت
753,quality,qualité,جَوْدَة,NOUN,كاليتي,نوعية,نوعية باهية,كلية,كليشة,رواية,كوفية,جولة سياحية,باي باي
757,bellboy,chasseur,خادِم,NOUN,عامل,بص بوي,حمال الشنط,كامل,علم,شال,مقابل,حال,مال
758,free,libre,خالِي,ADJ,فاضي,حر,خاوي,سالي,واجي,حص,حق,داوي,غاوي
760,serious,grave,خَطِير,ADJ,جاد,ضروري,رزين,جاف,جيد,رفيع,ياسر,دوني,زين
761,back,arrière,خَلْف,NOUN,وراء,التالي,مؤخرة,سرا,سهر,قلل,لفظ,شور,موس
763,invite,inviter,دَعا,VERB,عزم,نهم,انفيتا,جزم,عزل,ادى,استضا,انفلت,فيزيتا
767,lobby,hall,رَدْهَة,NOUN,لوبي,فسحة,مجبب,نول,مول,بنو,وسطة,شركة,صرفة
773,wife,femme,زَوْجَة,NOUN,حرم,مادام,مكلف,مرق,مرقة,ادام,فرمة,مكلة,مول
776,happy,heureux,سَعِيد,ADJ,فرح,سالي,متونس,فري,فرق,مزرور,داوي,باهي,زاكي
777,ship,bateau,سَفِينَة,NOUN,باتو,بابور,يخت,باتي,مركوب,وابور,بسبور,لهجة,تخت
782,slice,tranche,شَرِيحَة,NOUN,قطعة,طرف,وصلة,قرعة,قصعة,طران,طرن,شطة,شوفة
784,certificate,certificat,شَهادَة,NOUN,دبلوم,سيرتيفيكا,اجازة,دبلة,بلم,سيرفيس,تيكا,ازازة,مال
786,interesting,intéressant,شَيِّق,ADJ,مشوق,انترستنج,مسلي,ممشوق,مشوم,جليل,خير,باهر,محمم
788,TRUE,vrai,صَحِيح,ADJ,صح,حق,مضبوط,قصح,وحش,حص,حر,مزروب,مكبوس
791,sauce,sauce,صَلْصَة,NOUN,صوص,مرق,صلصل,سور,سوى,قدام,مرة,تاصل,فليل
792,make,fabriquer,صَنَع,VERB,عمل,صلح,صايب,دبر,عطل,شك,سعى,هبر,جبر
794,fishing,pêche,صَيْد,NOUN,صيد سمك,بحر,حداق,صيد,صايد,بصر,حر,حدا,حراق
796,emergency,les urgences,ال+ طَوَارِئ,NOUN,طوارئ,مستعجل,ارجنس,طاقة,جار,طوالي,ضربني,اردوننس,اردننس
797,student,étudiant,طالِب,NOUN,تلميذ,اتيديون,تلميد,طلب,قالب,اتعديت,اليمين,جليد,المسيد
798,counter,comptoir,طاوِلَة,NOUN,كاونتر,طربيزة,ميز,كونتور,كاوتش,طرابيزة,عربية,ابلة,ميل
803,regular,normal,عادِيّ,ADJ,اعتيادي,نظامي,روتيني,سوري,كوري,بصيط,بريد,دوني,رزين
805,suffer,souffrir,عانَى,VERB,قاسى,توجع,اتكبد,تأمل,توجس,زكى,شكل,تعدى,تعب
807,cart,chariot,عَرَبَة,NOUN,شاريو,عربانة,كارو,شاري,شاشية,جار,كروة,عطلة,عملة
809,vacation,vacance,عُطْلَة,NOUN,اجازة,فاكونس,صلاعة,ازازة,جزازة,ماعون,داكور,صناعة,فوتة
810,sign,panneau,عَلامَة,NOUN,اشارة,لافتة,بانو,امارة,شفار,بلاصة,كارتة,باكو,روحة
813,girl,fille,فَتاة,NOUN,طفلة,بنية,صبية,بو,بنو,حنية,بنينة,صبيغة,صبي
814,cup,tasse,فِنْجان,NOUN,كوب,طاس,قلص,جباية,دوب,طحاس,كان,كلاو,قلاص
815,towel,serviette,فُوطَة,NOUN,بشكير,منديل,سربية,باكية,شكثر,كولي,بولي,حلقة,عربية
817,meet,rencontrer,قابَل,VERB,اجتمع,حصل,صادف,عاف,شاء,قاعد,وصل,غادر,صايب
819,story,histoire,قِصَّة,NOUN,حكاية,سالفة,حزوية,حفاية,حنية,سلفة,كواية,سفرة,سير
821,spend,passer,قَضَى,VERB,صرف,عدى,مقضي,عرف,صرى,مد,عبى,دور,داز
826,pamphlet,brochure,كُتَيِّب,NOUN,منشور,بروشور,مطوية,مشوار,ماطور,روتور,برودوي,طرقة,مرقة
832,contact lens,lentille de contact,عَدَسَة لاصِقَة,NOUN,عدسة,لونتي,لنسس,فلسة,صدفة,لونتيي,لنتي,آنسة,ناس
834,game,jeu,لُعْبَة,NOUN,جيم,طرح,مبارة,جيد,جية,طرب,طرف,مبارح,مطارة
836,amount,montant,مَبْلَغ,NOUN,كمية,مقدار,حسبة,تم,كنية,قحمة,قسيمة,شومة,حبة
838,"group , set",groupe,مَجْمُوعَة,NOUN,جماعة,وفد,فئة,جريب,جمادة,واد,طرقة,جوج,فكة
840,toilet,toilette,مِرْحاض,NOUN,حمام,بيت الما,مرافق,حرام,لمام,كنية,كيف,شومة,خلال
841,pass,passer,مَرَّر,VERB,فوت,عدى,عطى,فول,فوض,ما,خاف,نادى,ادي
842,track,voie,مَسار,NOUN,طريق,سكة,ثنية,حريق,امر,عرب,رب,حجرة,حجارة
843,distance,distance,مَسافَة,NOUN,بعد,مشوار,ديسطونس,برد,عد,مرواح,مرور,ليسونس,ليسطومة
847,pump,pompe,مِضَخَّة,NOUN,بمب,ماطور,بم,بوك,عتبة,مور,شاور,بو,عم
853,spoon,cuillère,مِلْعَقَة,NOUN,معلقة,مغراف,كشيك,مقة,معليش,مغرب,غرام,شيك,قفلة
854,excellent,excellent,مُمْتاز,ADJ,جيد,مميز,خارق العادة,جد,عجيب,جليل,مزير,باهي,اه
856,area,région,مِنْطَقَة,NOUN,مكان,ميدان,ناحية,حل,مكانة,ميدسان,جردان,حصة,وجهة
859,site,site,مَوْقِع,NOUN,محل,سيت,ناحية,ميل,مكانة,ست,سيل,بلاكة,جوة
860,corner,coin,ناصِيَة,NOUN,ركنة,كورنر,قرنة,كاوية,ريف,زوز,زول,كمة,يمة
861,window,fenêtre,نافِذَة,NOUN,شباك,طاقة,دريشة,شاب,سباط,طاق,طقة,روحان,مطيشة
862,plant,plante,نَبات,NOUN,زرع,شتلة,خضرة,فرع,برع,شغلة,جرعة,حجرة,خطرة
864,woman,femme,إِمْرَأَة,NOUN,ست,ولية,سيدة,سا,جدام,كلية,وليمة,مكلة,سيدا
866,look,"regard , coup d' oeil",نَظْرَة,NOUN,طلة,شوفة,تطليعة,شلة,غلة,شومة,شرفة,بصر,تبهيت
867,clean,propre,نَظِيف,ADJ,نقي,مغسول,نضيف,باهر,طارف,مغلوط,يم,ظريف,لطيف
868,river,rivière,نَهْر,NOUN,واد,بحر,شط,عاد,وفد,بصر,حر,شطة,شق
869,quiet,tranquille,هادِئ,ADJ,سكوتي,ترونكيل,رزين,سوري,لافت,لايق,هايل,زين,واجي
871,father,père,والِد,NOUN,بابا,بين,باه,بهو,شاب,بيا,دين,باكي,باش
872,waist,taille,وَسَط,NOUN,خصر,نص,حقو,بصر,خزر,ياي,تاج,حقا,حقة
873,sign,signer,وَقَّع,VERB,مضى,اعتمد,صحح,رضى,قضى,اجتهد,غمض,دشر,صلح
874,matter,sujet,أَمْر,NOUN,موضوع,حكاية,غرض,مشي,في,تقضية,حفاية,شحن,مكلة
876,"mr. , sir",monsieur,سَيِّد,NOUN,استاذ,اخ,عمو,تكتور,وي,او,اخص,عمة,عمر
877,"ms. , maam",madame,سَيِّدَة,NOUN,ست,ام,للا,سع,سيت,تم,يم,صلا,تلا
878,a little bit,un peu,ال+ قَلِيل,ADJ,شويه,ماشي بزاف,حبة,شهي,عليل,ضريف,ظريف,جميل,قمة
879,too much,trop,كَثِيراً جِدّاً,NOUN,كثير,واجد بكل,هوايا,كنيف,كلية,واحد,واد,قد,شق
880,"many , a lot",beaucoup,كَثِيراً,ADJ,واجد,نود,هلبة,وافد,اجد,عود,جاف,مالاد,ملائم
881,"still , yet",encore,ما زال,VERB,بعد,مازال,لساته,قعد,كعد,لهف,فزع,ضل,قلب
882,leave,laisser,تَرَك,VERB,خلى,خلف,دشر,صاب,طالع,مضى,ضرب,اشر,دار
883,"take , last","falloir , prendre de temps , durer",ٱِسْتَغْرَق,VERB,قعد,شد,بقى,قد,كعد,كد,حكى,بدى,بغى
884,charges,des frais,رُسُوم,NOUN,تكاليف,مصاريف,ثامان,سلفة,كلمة,سجور,مصاري,امال,زمان
888,time,fois,مَرَّة,NOUN,فد مرة,اكو مرة,كرة,مرتبة,دمية,المرة,حومرة,كرت,كرشة
889,"may I ... ? , can I ... ?",puis -je ... ?,هَل يُمكِنُ +نِي أن ... ؟,PART ... ?,ممكن,فيني,اسكه,يندرى,صادق,جد,زعمك,اسكو,جا ما
890,"might , may",peut-être,قَدْ ، رُبَّما,ADV,احتمال,جايز,بلكشي,امكن,ماكو,بيجوز,بلكت,تمايا,بشكم
891,"already , for sure","vraiment , certainement",قَدْ ، فِعْلاً,NOUN,خلاص,من جد,بالصاح,خلال,قلاص,سوى,وج,بالليل,باجاج
892,really,vraiment,حَقّاً,ADJ,بالحق,حقيقي,مضبوط,جيد,صدك,بعد,اجد,مزبوط,مظبوط
894,be afraid,avoir peur,خَشِي,VERB,قلق,ارتعب,توهم,قلب,حاف,خطف,اتعجب,فز,اتهم
896,bound to,à destination de,مُتَّجِه إِلَى,ADP,رايح ع+,ماشي,ساير,زايد,قايم على,الين,همات,قد,دير
898,arrival,arrivée,وُصُول,NOUN,قدوم,رجوع,مجية,قوم,قدام,جيهة,غية,مشية,مزية
900,"completely , perfectly ,","parfaitement , complètement",تَماماً,NOUN,بالكامل,كلش,خارق العادة,كلية,بالكل,فكامل,اكل,بالصاح,باوند
905,right away,immédiatement,حالاً,NOUN,فورا,قوام,دابا,ذلحين,ورا,قوم,سا,شقد,سند
906,soon,bientôt,قَرِيباً,ADJ,عن قريب,بعد شوية,جريب,بعد مرة,سي فري,بيشهي,داهية,جراف,جدي
907,stay,"séjourner , descendre à",أَقام,VERB,بقى,تم,قنبر,بيت,نال,تك,فعل,قمبر,ستنى
910,severe,fort,شَدِيد,ADJ,قاسي,مرة,قصح,حر,زوين,واجي,فردة,جراف,خلاف
913,"catch , hold",attraper,أَمْسَك,VERB,شد,حكم,شبح,سد,قد,حسم,عزم,خبط,هبط
914,I caught a disease,J' ai attrappé une maladie,أََصابَ +نِي مَرَض,NOUN,مرضت,تعبت,تمرضت,مبيت,مرق,كعب,شربت,عشي,باتي
916,"largest , larger",plus grand,أَوْسَع,ADJ,اكبر,اعظم,افسح,عبر,ابري,ضخم,اعجم,طافح,قاسح
917,"suitable , appropriate , fit well","convenable , aller bien",مُناسِب,ADJ,معقول,منيح,ملايم,رزين,معقولة,رايق,مقبل,مضبوط,مزبوط
918,well,bien,جَيِّداً,ADJ,حلو,طيب,باهي,مليق,ملايم,زوين,هين,باقي,مزبوط
919,again,encore,مَرَّة أُخْرَى,ADJ,مرة ثانية,مرة غيرها,كرة ثانية,تاني,جبني,ملان,عيان,هين,زين
920,more,plus,ال+ مَزِيِد,NOUN,كمان,بعد,بلوس,زند,حيد,عد,برد,فلوس,بوس
921,look,regarder,نَظَر,VERB,شاف,بحلق,شبح,خاف,عاف,حل,لاحق,غير,هد
922,shape,forme,شَكْل,NOUN,فورم,اسلوب,صيغة,جيهة,شيرة,برمة,فرقة,صبغة,صبيغة
923,allow,permettre,سَمَح,VERB,خلي,ترك,رضى,خطي,خل,تك,سار,قضى,رأى
924,go straight,aller tout droit,سار لِ+ ال+ أَمام,NOUN,مشي لقدام,راح قدام,مشى ستريت,طوالي,سبيطال,عطول,على بين,توت سويت,اذا بتريد
925,make,faire,جَعَل,VERB,عمل,شكل,دعى,دور,امل,داس,شد,وعى,نكع
939,june,juin,يُونِيُو,PROPN,جوان,الشهر السادس,يونيه,آذار,حباب,الشهر السابع,الشهر الثالث,يوليه,جونتي
940,july,juillet,يُولِيُو,PROPN,جويلية,شهر سبعة,يوليه,جونتي,شهر هدعش,الشهر السادس,الشهر الثاني,يونيه,حليو
941,august,août,أَغُسْطُس,PROPN,اوت,آب,غشت,ناعم,ايلول,طيب,الشهر الثاني,زين,عسل
944,november,novembre,نُوفِمْبِر,PROPN,تشرين الثاني,شهر اهدعش,الهدعش,شهر اثناعش,كانون الثاني,شهر ثمانة,شهر ثمانية,الاثنعش,الواحد
946,purchase,achat,شِراء,NOUN,مشترى,تسوق,مسواق,شراب,شتاء,سوق,دلوق,مشاي,شوي
947,going,aller,ذَهاب,NOUN,مشية,الي,نزلة,مرشي,روح,مجية,ريح,سير,شرحة
948,getting,obtenir,حُصُول,NOUN,اخذ,انه يدي,تدبير,اخ,اخص,كسم,زوز,عدى,تحويل
951,changing,changer,تَغْيِير,NOUN,تبديل,قلب,شونجمو,تبطيل,تحويل,قلص,طلب,شونج,شومة
954,sending,envoyer,إِرْسال,NOUN,بعث,توجيه,بعثان,بعد,برع,تحصيل,توصية,دق,حز
955,of course,bien sûr,طَبْعاً,NOUN,بيان سور,مالا لا,بالطبيعة,ازيد,مصيد,ابال,اماه,معلومة,معله
957,nice,gentil,لَطِيف,PROPN,حالي,ضريف,جنتيل,جانفي,افريل,آب,شباط,ايلول,الرابع
958,same,le même,نَفْس,NOUN,زي,ذات,سعما,في,وي,ريف,كمة,مع,لما
959,later,plus tard,لاحِقاً,ADJ,بعدين,خلاف,امبعد,بعده,بنين,بجد,لافت,بريد,كوري
960,suitcase,valise,حَقِيبَة سَفَر,NOUN,شنطة سفر,شانطة,جنطة,شطة,شجرة,حبة,حسبة,جنط,جنطرة
962,sleep,dormir,نام,VERB,بات,نعس,اندفس,بت,نال,غدى,حقد,هجر,هج
963,sleep,sommeil,نَوْم,NOUN,نعاس,رقاد,مبيت,ناس,نعال,رودة,ردة,نبيت,تبهيت
966,down,vers le bas,إِلَى ال+ أَسْفَل,ADJ,تحت,لا نازل,لوطى,تحفة,كحل,منزلي,سوى,اوطى,لوكس
967,anything,ne importe quoi,أَيّ شَيْء,NOUN,اي حاجة,اللي تحب,حيالله,ايتاج,حاجة,كي كان,اولريدي,بالله,حال
968,wrong,faux,خاطِئ,ADJ,غلطان,مش صحيح,مخطي,لخ,ملان,مشحوط,مغسول,مبطي,مسلي
969,miss,mademoiselle,آنِسَة,NOUN,مدموازيل,الاخت,استاذة,يخت,اخ,الامس,ابال,طبلة,اكلة
970,park,se garer,رَكَن,VERB,وقف,جاري,جرج,برم,وقع,وظف,درب,خرج,هرج
971,"select , pick",choisir,ٱِخْتار,VERB,خير,اخذ,حدد,بقى,خزر,عتل,عزم,حود,حمد
975,"run out , end",se epuiser,نَفِد,VERB,خلص,تم,زلج,خص,خلى,عار,تمم,اوفى,مضى
976,end,terminer,ٱِنْتَهَى,VERB,كمل,تم,قضى,امل,خص,جبر,ام,ساوا,مضى
977,bad,mauvais,سَيِّء,ADJ,زفت,مو زين,ماصت,زمك,آفة,جدي,معبي,حق,حر
978,certainly,certainement,بِ+ ال+ تَأْكِيد,NOUN,اكيد,سي سور,معلوم,ازيد,وكد,مبلا,فنلة,معلومة,معله
979,together,ensemble,سَوِيّاً,ADJ,مع بعضنا,كلنا,رباعة,من بعد,معبا,جميل,روعة,كاين,طاعم
980,carry,porter,حَمَل,VERB,رفع,نقل,رزح,هم,فز,عطل,قمر,حل,طل
981,enough,suffire,كَفَى,VERB,خلص,سد,اكاهاو,كبس,خلف,سرد,سدك,يدي,بركن
982,take care,prendre soin de,ٱِعْتَنَى,VERB,انتبه,قابل,اتوصى,اشتبه,على باله,قال,تربع,باصى,تلاهى
983,taxi stand,station de taxi,مَوْقِف أُجْرَة,NOUN,موقف,موقف تكاسي,جراج,وقف,موقع,اور تاكس,مرة كثير,فرقة,فرجة
985,already,déjà,فِعْلاً,NOUN,اساسا,من اول,مسبق,كلاص,خلال,عند,عهد,مسبح,ساق
986,never,jamais,أَبَداً,NOUN,نهائيا,على الاطلاق,بالمرة,نهار,شهادة,امر,خالة,بالمئة,وبر
987,pickpocket,pickpocket,نَشّال,NOUN,حرامي,سراق,بايق,حرام,حرمة,سرا,ساق,ل+,قلص
989,let 's go,allons-y,هَيّا بِ +نا,PRON,يالله,ارح,نمشيوا,هيها,هيو,الا,اية,شنوا,مو
991,welcome,bienvenu,مَرْحَباً ، أَهْلاً,NOUN,السلام عليكم,اهلين,حبابك,هلا,تهباش,حيا,الآن,بالسلامة,حبتين
992,you are welcome,je vous en pris,عَفْواً,NOUN,العفو,من عيوني,اتدلل,الف,محبس,بلا,للا,حاضر,ادام
994,here she is,voici,ها هِيَ,PRON,اهي,هنا هي,اكاهي,هاهو,اني,هاوه,ايه,هوليك,لكو
996,think,penser,ظَنّ,VERB,حسب,اتصور,اشتبه,افتر,افتك,شد,خمط,ضمن,ظن
997,think,réfléchir,فَكَّر,VERB,شاف,نظر,مخمخ,خاف,شال,خمط,تمم,ضمن,رن
