ID,English,French,MSA,POS,Easy_target,Medium_target,Hard_target,Easy_distractor,Medium_distractor,Hard_distractor
2,hotel,hôtel,فُنْدُق,NOUN,اوتيل,لكوندة,وطيل,حمام [rand],كرة [hard],اهل [edit]
9,insurance,assurance,تَأْمِين,NOUN,ضمان,اسرنس,لاصورونس,مكتوب [rand],قزاز [hard],زمان [edit]
12,possible,possible,مُمْكِن,ADJ,وارد,يصير,اسكه,يجنن [rand],متهيأ [hard],معقولة [edit]
20,"pain , hurt","douleur , mal",أَلَم,NOUN,وجيعة,حريق,عوار,مقابل [rand],هوير [hard],طريق [edit]
23,stay,séjour,إِقامَة,NOUN,قعاد,سجور,نزلة,ست [rand],طراد [hard],قعادة [edit]
30,blanket,couverture,بَطّانِيَّة,NOUN,غطا,فراش,كوفرتة,برة [rand],ثنية [hard],شيشة [edit]
31,beach,plage,شاطِئ,NOUN,بلاج,كورنيش,ساحل,موضوع [rand],صيغة [hard],بلاغ [edit]
33,juice,jus,عَصِير,NOUN,جو,شراب,زوم,فوق العين والراس [rand],مشا [hard],شربة [edit]
36,meeting,réunion,ٱِجْتِماع,NOUN,جلسة,لمة,ريينيو,قوام [rand],اصنصيل [hard],جماعة [edit]
44,direction,direction,ٱِتِّجاه,NOUN,طريق,جنب,صفحة,قلم حبر [rand],صيغة [hard],شيرت [edit]
45,delicious,délicieux,لَذِيذ,ADJ,حالي,شهي,زاكي,من الناحية الثانية [rand],يديد [hard],رزين [edit]
46,main,principal,رَئِيسِيّ,ADJ,اساسي,مركزي,لاباز,خالص [rand],بزايد [hard],كوري [edit]
49,tip,pourboire,بَقْشِيش,NOUN,بوربوار,حق التعب,تيبس,عربانة [rand],معليه [hard],مكانة [edit]
50,pair,paire,زَوْج,NOUN,اثنين,الاثنين,اثنيناتهم,ثياب [rand],ساكوات [hard],جو [edit]
52,weekend,week-end,نِهايَة ال+ أُسْبُوع,NOUN,نهاية الاسبوع,عطلة نهاية الاسبوع,الجمعة,بعد [rand],بالكل [hard],طلة [edit]
56,prefer,préférer,فَضَّل,VERB,حب,عجبه اكثر,بدى,شاف [rand],حتر [hard],استراح [edit]
60,pen,stylo,قَلَم,NOUN,ستيلو,قلم حبر,بيرو,بابا [rand],بالتأكيد [hard],جيرو [edit]
61,wake,réveiller,أَيْقَظ,VERB,صحي,نوض,نهض,فوت [rand],تصنت [hard],ودى [edit]
62,express,express,سَرِيع,ADJ,اكسبرس,مستعجل,مزروب,خطير [rand],اهواي [hard],مطلوب [edit]
63,souvenir,souvenir,تَذْكار,NOUN,سوفنير,ذكرى,تحفة قديمة,حصة [rand],قنينة [hard],صيغة [edit]
66,necessary,nécessaire,ضَرُورِيّ,ADJ,مهم,واجب,مستلزم,معقول [rand],ملائم [hard],واجد [edit]
68,zoo,zoo,حَدِيقَة ال+ حَيَوانات,NOUN,حديقة الحيوانات,جنينة الحيوان,بوسكو,جاهل [rand],نمرة [hard],زول [edit]
76,garden,jardin,حَدِيقَة,NOUN,بستان,جردة,زراعة,زريعة [rand],ريستو [hard],روحة [edit]
79,sick,malade,مَرِيض,ADJ,تعبان,سهران,متوعك,طيب [rand],معبي [hard],مزيان [edit]
84,why,pourquoi,لِماذا,ADV,ليه,وعلاش,لليش,يجوز [rand],يستوي [hard],قديش [edit]
92,help,aider,ساعَد,VERB,عاون,سند,سعف,كمل [rand],ريع [hard],لاحق [edit]
95,credit,crédit,ٱِئْتِمان,NOUN,كريدي,قرض,بطاقة ائتمان,من غير [rand],صنف [hard],سالفة [edit]
96,thanks,merci,شُكْراً,NOUN,مشكور,يعطيك الصحة,متشكر,صوب [rand],بيي [hard],صحلة [edit]
97,service,service,خِدْمَة,NOUN,معروف,مساعدة,مزية,في حدود [rand],صبية [hard],مساندة [edit]
98,cigarette,cigarette,سِيجارَة,NOUN,دخان,جيرو,سيكارة,تجاه [rand],سعما [hard],طبسي [edit]
100,tie,cravate,رَبْطَة عُنْق,NOUN,كرافات,ربطة,جرافة,نطاق [rand],كبوط [hard],كوفرتة [edit]
104,headache,mal de tête,صُداع,NOUN,وجع الراس,حريق الراس,ميجران,طيب [rand],جرباية [hard],ميدسان [edit]
105,cancel,annuler,أَلْغَى,VERB,كنسل,مسح,انولا,دير بالك [rand],انكب [hard],طل [edit]
107,where,où,أَيْنَ,ADV,فين,على هين,فينه,بكم [rand],بالكشي [hard],ليه [edit]
110,entrance,entrée,مَدْخَل,NOUN,دخول,باب رئيسي,طرقة,زي [rand],وعا [hard],ورقة [edit]
116,worry,se inquiéter,قَلِق,VERB,تقلق,توسوس,فزع,وقف [rand],بحبش [hard],حاكى [edit]
117,accident,accident,حادِث,NOUN,اكسيدون,دعمة,كسدة,سير [rand],فوطو [hard],دعم [edit]
118,order,commande,طَلَب,NOUN,اوردر,امر,,طريق [rand],ركنة [hard],امم [edit]
120,beef,boeuf,لَحْم بَقَرِيّ,ADJ,لحم عجل,بقري,شمبري,عكس [rand],هايل [hard],عدل [edit]
123,bus,bus,حافِلَة,NOUN,بص,بوس,كار,الجامارك [rand],لنسس [hard],كبوس [edit]
124,local,local,مَحَلِّيّ,ADJ,بلدي,منزلي,موضعي,حلو [rand],مزبوط [hard],عمومي [edit]
131,steak,steak,شَرِيحَة لَحْم,NOUN,ستيك,شطفة لحم,بفتيك,طول [rand],دوخة [hard],لمة [edit]
135,foreign,étranger,أَجْنَبِيّ,ADJ,خارجي,براني,افرنجي,شومة [rand],قنين [hard],واجد [edit]
136,use,usage,ٱِسْتِخْدام,NOUN,استعمال,استغلال,ستعمال,كما [rand],مكافأة [hard],استاذة [edit]
137,natural,naturel,طَبِيعِيّ,ADJ,عادي,ناتورال,فطري,بخير [rand],مخطي [hard],داوي [edit]
140,hear,entendre,سَمِع,VERB,تسمع,فهم,تصنت,راح [rand],حدف [hard],اتصنت [edit]
142,view,vue,مَنْظَر,NOUN,مشهد,فيو,فرجة,منتزه [rand],كومبليتلي [hard],طبلة [edit]
143,coat,manteau,مِعْطَف,NOUN,كوت,جاكيتة,بالطو,برمي [rand],رخص [hard],سفرة [edit]
148,class,classe,دَرَجَة,NOUN,مستوى,مكانة,طراز,اخت [rand],النجدة [hard],مكان [edit]
149,shirt,chemise,قَمِيص,NOUN,شميز,فنيلة,قمجة,تحويل [rand],نسمة [hard],سوري [edit]
151,watch,regarder,شاهَد,VERB,شاف,ابصر,دحج,غفى [rand],فركس [hard],راعى [edit]
156,arm,bras,ذِراع,NOUN,ايد,ساعد,دراع,لقاء [rand],تفاهمنا [hard],ازيد [edit]
159,lock,enfermer,أَغْلَق,VERB,سكر,شد,طفى,لزم [rand],شل [hard],تربع [edit]
160,child,enfant,طِفْل,NOUN,فرخ,بيبي,صبي,فوق العين والراس [rand],امة [hard],اهل [edit]
161,room,chambre,غُرْفَة ، حُجْرَة,NOUN,بيت,دار,صفة,موقف [rand],اكوتي [hard],صفحة [edit]
164,friend,ami,صَدِيق,NOUN,امي,خبير,زميل,باتو [rand],كبوت [hard],ميل [edit]
166,side,côté,جانِب,NOUN,طرف,ناحية,صفحة,ولا مرة [rand],ذاحين [hard],اكوتي [edit]
170,different,différent,مُخْتَلِف,ADJ,غير,عكس,متفاوت,ظريف [rand],بروحه [hard],خير [edit]
171,shower,douche,دُوش,NOUN,حمام,شاور,بانيو,امي [rand],مشاي [hard],شاذر [edit]
173,country,pays,بَلَد,NOUN,دولة,قطر,ديرة,اكد تاني [rand],فحال [hard],دوخة [edit]
174,new,nouveau,جَدِيد,ADJ,حديث,جديد لنج,مودرن,وحيد [rand],ملايم [hard],فطري [edit]
175,bottle,bouteille,زُجاجَة,NOUN,بطل,قزازة,غرشة,فورمة [rand],سمطة [hard],اجازة [edit]
178,street,rue,شارِع,NOUN,طريق,زنقة,زاروب,طول [rand],مساحة [hard],طريقة [edit]
179,trip,voyage,رِحْلَة,NOUN,سفرة,طلعة,جولة,قيلولة [rand],هليوم [hard],شوفة [edit]
182,night,nuit,لَيْل,NOUN,مسا,عشا,فالليل,باباة [rand],اهلين [hard],مسار [edit]
183,place,endroit,مَكان,NOUN,موقع,جهة,دعنة,بعد الظهر [rand],ابوبري [hard],موضوع [edit]
184,sure,sûr,مُتَأَكِّد,ADJ,اكيد,من جد,متيقن,اخير [rand],نورمال [hard],عن جد [edit]
190,double,double,مُزْدَوِج,ADJ,مضاعف,ثنين,زوز,خطير [rand],دوني [hard],عجوز [edit]
191,meal,repas,وَجْبَة,NOUN,صحن,فطور,روبى,احين [rand],ثنية [hard],مشكلة [edit]
192,doctor,médecin,طَبِيب,NOUN,دكتور,حكيم,تكتور,ثوب [rand],ابلة [hard],دحدورة [edit]
193,police,police,شُرْطَة,NOUN,بوليس,درك,لابوليس,توبيس [rand],جماعة [hard],دري [edit]
195,boat,bateau,قارِب,NOUN,زورق,فلوكة,طراد,بلاج [rand],كلاو [hard],باسبور [edit]
199,letter,lettre,خِطاب,NOUN,مكتوب,كلمة,قرطاسة,اليوم [rand],زحلقة [hard],ورطة [edit]
200,hat,chapeau,قُبَّعَة,NOUN,شابو,كاسكيت,كلاو,مال [rand],دهداشة [hard],حاشية [edit]
202,soup,soupe,حَساء,NOUN,شربة,مرقة,صوبة,زاد يأكد [rand],شنتي [hard],صوب [edit]
203,clothes,vêtement,مَلابِس,NOUN,هدوم,كسوة,قش,بسبور [rand],اوكازيون [hard],اياب [edit]
205,dish,plat,طَبَق,NOUN,صحن,تبسي,صينية,خدمة [rand],اطلاقآ [hard],ميلة [edit]
207,form,formulaire,ٱِسْتِمارَة,NOUN,نموذج,ورقة,اورنيك,برت [rand],مسواق [hard],كيشة [edit]
209,"want , would like",vouloir,أَراد ، وَدّ ، رَغِب,VERB,حب,كان مشتهي,اشتى,استمر [rand],علل [hard],كان عنده [edit]
211,smoking,fumer,تَدْخِين,NOUN,دخان,شراب السجاير,دوخة,بابا [rand],بوندون [hard],كيف [edit]
212,sit,se asseoir,جَلَس,VERB,قعد,تربع,كدس,حفظ [rand],احترف [hard],اتريع [edit]
214,"best , better",meilleur,أَفْضَل,ADJ,احسن,خير,ازبط,كتيير ظريف [rand],ملايم [hard],خطير [edit]
217,seem,sembler,بَدا,VERB,شكله,كان شكل,تهايا,اشتغل ب+ [rand],تحين [hard],كان قايل [edit]
218,operator,opérateur,عامِل ال+ تِلِفُون,NOUN,عامل التلفون,عامل المقسم,المرة,شوميز [rand],جوج [hard],استعلام [edit]
219,explain,expliquer,شَرَح,VERB,وضح,فصل,علل,صار [rand],طبش [hard],ناول [edit]
220,depend,dépendre,تَوَقَّف عَلَى,ADP,اعتمد,قايم على,اتكل,بالاضافة ل+ [rand],قاصد [hard],عمل [edit]
222,table,table,مائِدَة,NOUN,طاولة,طبلية,تخت,مسار [rand],صبية [hard],سفرية [edit]
224,stomach,estomac,مَعِدَة,NOUN,بطن,كرشة,ليسطومة,حكاية [rand],حسي [hard],كرة [edit]
226,steal,voler,سَرَق,VERB,باق,اختلس,شل,بركن [rand],بز [hard],طلب [edit]
227,give,donner,أَعْطَى,VERB,جاب,هز,مكن,سمع [rand],عطل [hard],نال [edit]
228,seat,place,مَقْعَد,NOUN,مكان,محل,دكة,بلا [rand],غاشي [hard],كان [edit]
230,size,taille,مَقاس ، حَجْم,NOUN,طول,كبر,قامة,حلو [rand],قازوز [hard],تاير [edit]
231,"speak , talk",parler,تَحَدَّث ، تَكَلَّم,VERB,قال,اتحاكى,تجابر,رد باله [rand],قمبر [hard],تكى [edit]
232,look for,chercher,بَحَث,VERB,فتش,ابصر وين,لوج,تحكى [rand],ادرج [hard],تحرك [edit]
233,maybe,peut-être,رُبَّما,ADV,امكن,قد يكون,بيجوز,كام [rand],هناكه [hard],بالاك [edit]
235,case,cas,حالَة,NOUN,كيس,قضية,مسألة,زند [rand],حقو [hard],تقضية [edit]
236,bed,lit,سَرِير,NOUN,فرش,عن قريب,ناموسية,عند [rand],بروموسيون [hard],مدام [edit]
237,driver 's license,permis de conduire,رُخْصَة قِيادَة,NOUN,رخصة,برمي,اجازة,اريفي [rand],معليه [hard],رخص [edit]
238,wonderful,merveilleux,رائِع,ADJ,هايل,شي كبير,بيعقد,اعزب [rand],احلى [hard],يهبل [edit]
239,plate,assiette,طَبَق,NOUN,صحن,ماعون,وعا,دكتور [rand],خالة [hard],صالة [edit]
241,lipstick,rouge à lèvre,أَحْمَر ال+ شِفاه,NOUN,روج الافر,احمر شفايف,بترة,جنب [rand],شفار [hard],عوار [edit]
242,call,appel,مُكالَمَة,NOUN,اتصال,مخابرة,تعيطة,معلقة [rand],فارمشيا [hard],اكال [edit]
244,fever,fièvre,حُمَّى,NOUN,حرارة,سخانة,حرارة مرتفعة,مشي طوالي [rand],شأن [hard],صونية [edit]
245,old,vieux,قَدِيم,ADJ,عتيق,عجوز,شارف,مقابل [rand],مقابيل [hard],خايب [edit]
248,picture,photo,صُورَة,NOUN,تصويرة,رسمة,تابلوه,مطلب [rand],غرشة [hard],نسمة [edit]
249,line,ligne,خَطّ,NOUN,سطر,صف,طابور,نيني [rand],آنسة [hard],سراق [edit]
250,serve,servir,قَدَّم,VERB,ضيف,سيرفى,دنى,فصل [rand],وفى [hard],قدم [edit]
251,idea,idée,فِكْرَة,NOUN,ايدي,راي,شور,تأكد مرة ثانية [rand],روحة [hard],دور [edit]
254,pay,payer,دَفَع,VERB,خلص,تك,اوفى,الظاهر [rand],جرا [hard],وفى [edit]
259,people,gens,ناس,NOUN,اهل,رجال,جماعة,معروف [rand],تكتور [hard],واد [edit]
260,subway,métro,مِتْرُو ال+ انَفَاق,NOUN,مترو الانفاق,قطار الانفاق,نفق,مومون [rand],صفحة [hard],نفس [edit]
261,"baggage , luggage",bagage,مَتاع,NOUN,اغراض,شناطي,شواكيش,بيت [rand],قالب [hard],جنطة [edit]
263,right,bon,صَحِيح,ADJ,صح,كاين منها,باهي,نار [rand],بيجوز [hard],حقيقة [edit]
265,price tag,étiquette de prix,بِطاقَة ال+ سِعْر,NOUN,سعر,كرت,علامة,حال [rand],صحلة [hard],تيكا [edit]
266,put,mettre,وَضَع,VERB,حط,ترك,ذب,التحق [rand],شبح [hard],دعم [edit]
268,aisle,couloir,مَمَرّ,NOUN,كولوار,ممشى,مخطف,دوتي فري [rand],بالمرة [hard],حارة [edit]
270,wonder,demander,تَساءَل,VERB,استغرب,تعجب,استفسر,خلاص [rand],تحرى [hard],احتاج [edit]
272,join,joindre,ٱِنْضَمّ,VERB,اشترك,انتمى,ولى,سيب [rand],باصر [hard],دخلي [edit]
274,family,famille,أُسْرَة,NOUN,عايلة,ناس البيت,لافامي,بلاصة [rand],سقد [hard],بيات [edit]
275,building,bâtiment,مَبْنَى,NOUN,عمارة,بنيان,موبل,تغيير [rand],زاروب [hard],امارة [edit]
276,help,aide,مُساعَدَة,NOUN,دعم,مساندة,نجدة,تاي [rand],شافع [hard],دعمة [edit]
277,what time,à quelle heure,مَتَى,ADV,الساعة كم,متين,احين,بركة [rand],مام [hard],بقداش [edit]
278,break,casser,كَسَر,VERB,خرب,صار رجيع,حطم,كبس [rand],استدعى [hard],دردش [edit]
280,start,commencer,بَدَأ,VERB,ابتدا,شرع,كماصا,عن باله [rand],راعى [hard],بدى [edit]
281,send,envoyer,أَرْسَل,VERB,ودى,وجه,صافط,لاقى [rand],تصنت [hard],طرح [edit]
283,ready,prêt,جاهِز,ADJ,مستعد,مجهز,واتي,اعتيادي [rand],بالتمام والكمال [hard],وافد [edit]
284,dress,robe,فُسْتان,NOUN,روبة,ثوب نسائي,كسوة,فيلم [rand],تلميد [hard],روضة [edit]
287,customs,douane,ال+ جَمارِك,NOUN,ديوانة,الرسوم,التفتيش,دار مكالمة [rand],بساعتي [hard],المرة [edit]
289,center,centre,مَرْكَز,NOUN,سنتر,مقر,فسط,تحويل [rand],التفتيش [hard],ورطة [edit]
290,prescription,ordonnance,رُوشِتَّة ، وصفة دواء,NOUN,وصفة,اردوننس,ورقة الدوا,بمب [rand],معليه [hard],ارجونس [edit]
292,good,bon,جَيِّد,ADJ,جميل,بخير,يشهي,بالله [rand],افرنجي [hard],شهي [edit]
294,do you mind,ça vous déranger,هَلْ تُمانِع,VERB,لو سمحت,عفوا,وخا,طاح [rand],عباله [hard],اسمح [edit]
295,problem,problème,مُشْكِلَة,NOUN,اشكالية,ورطة,بلشة,ما عليه جمارك [rand],حسي [hard],اكال [edit]
298,include,comprendre,شَمِل,VERB,اشتمل,فيه,خشش,اتحمل [rand],ضن [hard],استوى [edit]
300,hot,chaud,ساخِن,ADJ,حامي,يحرق,ملهلب,نوفي [rand],نضيف [hard],حر [edit]
303,return,retour,عَوْدَة,NOUN,رجوع,ردة,اياب,طرابيزة [rand],بوليصة [hard],تياب [edit]
304,elevator,ascenseur,مِصْعَد,NOUN,سانسور,صونصير,اصنصيل,كيف [rand],تدبير [hard],سي سور [edit]
305,business,affaire,عَمَل,NOUN,شغل,افير,مهمة,سخانة [rand],طراز [hard],هدمة [edit]
306,find,trouver,وَجَد,VERB,لقي,جبر,صاب,سلك [rand],غزر [hard],صايب [edit]
307,stop,arrêter,تَوَقَّف,VERB,حبس,اتعطل,تبسمر,رمى [rand],رضى [hard],حوس [edit]
310,see,voir,رَأَى,VERB,شاف,نظر,رابى,تلفن [rand],استخبر [hard],طلع [edit]
311,suggest,suggérer,ٱِقْتَرَح,VERB,عرض,طرح,وصى,نفع [rand],هارج [hard],قفل [edit]
312,floor,étage,طابِق,NOUN,دور,ايتاج,طاق,سبور [rand],قضيان [hard],طبق [edit]
314,go,aller,ذَهَب,VERB,مشي,رحل,ضوى,ترك [rand],نشد [hard],وكل [edit]
317,keep,garder,ٱِحْتَفَظ,VERB,حفظ,حافض على,دعى,جلس [rand],اشر [hard],بغى [edit]
318,jacket,veste,سُتْرَة,NOUN,جاكت,قميص,كبوت,بردو [rand],بطرف [hard],ليستة [edit]
322,like,aimer,أَحَبّ,VERB,اعجب,بغى,اشتا,ترك [rand],ضهر [hard],اشتى [edit]
323,ask,demander,سَأَل,VERB,طلب,استفسر,سقسى,خدم [rand],خشش [hard],تطلب [edit]
324,exchange,change,صَرْف,NOUN,تبديل,شونج,مقايضة,لا ورا [rand],هلئيتي [hard],تحصيل [edit]
326,rent,louer,ٱِسْتَأْجَر,VERB,اجر,كرى,ستقعد,فتت [rand],انولا [hard],درى [edit]
327,departure,départ,مُغادَرَة,NOUN,انطلاق,طلوع,شومة,تنزيل [rand],حارة [hard],طلة [edit]
332,box,boîte,صُنْدُوق,NOUN,كرتون,علبة,باكو,عند [rand],مكافأة [hard],حارة [edit]
334,work,travail,عَمَل,NOUN,دوام,موضوع,كد,مسا [rand],برنوص [hard],مرة [edit]
338,press,appuyer,ضَغَط,VERB,زر,عصر,سدك,عمر [rand],خزر [hard],تحكى [edit]
340,follow,suivre,ٱِتَّبَع,VERB,لحق,راقب,ترصد,قال [rand],بغى [hard],لاح [edit]
341,list,liste,قائِمَة,NOUN,جدول,لايحة,فهرس,عن اذنك [rand],برادات [hard],كشن [edit]
343,exit,sortie,خُرُوج,NOUN,منفذ,طلعة,صرفة,شغل [rand],ناحية [hard],صرف [edit]
344,front,"en face de , face à",أَمام,NOUN,مقدمة,مقابيل,فوش,دابا [rand],لاسطومة [hard],ابال [edit]
345,single,simple,مُفْرَد,ADJ,وحيد,فردي,مفرداني,احتمال [rand],سوى [hard],ردي [edit]
346,part,partie,جُزْء,NOUN,طرف,حصة,نتفة,كوب [rand],وصلة [hard],شومة [edit]
347,use,utiliser,ٱِسْتَخْدَم,VERB,خدم,شغل,تعاطى,بات [rand],ولى [hard],توظف [edit]
349,drink,boisson,مَشْرُوب,NOUN,شراب,بواسون,حاجة نشربها,مشي [rand],فندم [hard],شرحة [edit]
350,great,génial,عَظِيم,ADJ,مهم,شي كبير,موش نرمال,سهران [rand],يهبل [hard],خير [edit]
351,drop,tomber,سَقَط,VERB,طاح,تفلت,نكع,سلم [rand],قمعز [hard],طحبش [edit]
352,happen,passer,حَدَث,VERB,جرى,طرى,داز,كماندا [rand],افتك [hard],استنى [edit]
353,change,monnaie,فَكَّة,NOUN,صرافة,تبديل,فراطة,نازولة [rand],اوكازيون [hard],جردة [edit]
355,fill,remplir,مَلَأ,VERB,ترا,حشا,ترس,دار [rand],جنط [hard],اول [edit]
356,ticket,billet,تَذْكَرَة,NOUN,تكت,بطاقة دخول,بيي,سرفيس [rand],طرن [hard],بيت [edit]
357,other,autre,أُخْرَى,ADJ,غير,واحد آخر,لاخ,رهيب [rand],رباعة [hard],باهي [edit]
360,have,devoir,ٱِضْطَرّ,VERB,كان لازم,كان خاصه,تلز,اخذ [rand],نشد [hard],تلا [edit]
361,by the way,au fait,بِ+ ال+ مُناسَبَة,NOUN,بالمناسبة,حقا,لعلمك,صف [rand],التفتيش [hard],حكة [edit]
366,order,commander,طَلَب,VERB,امر,كلف,فوض,سرد [rand],توظف [hard],كماصا [edit]
368,full,complet,كامِل,ADJ,مملي,ممتلي,متروس,واثق [rand],حبة [hard],مزيان [edit]
369,finish,finir,ٱِنْتَهَى,VERB,فنش,تم,انعدم,بات [rand],عطل [hard],الا [edit]
371,moment,moment,لَحْظَة,NOUN,دقيقة,شوي,نوبة,تمام [rand],معلوم [hard],ثنية [edit]
372,time,temps,وَقْت,NOUN,حين,زمن,اوان,جماعة [rand],الليلة بالمسا [hard],ساعد [edit]
373,know,"savoir , connaître",عَرَف,VERB,دري,سمع,استخبر,هات [rand],اتسدح [hard],عن باله [edit]
374,do,faire,فَعَل ، قام بِ+,ADP,نفذ,قام,سبر,مثل [rand],الساعة [hard],لاما [edit]
381,food,cuisine,طَعام,NOUN,اكال,ماكلة,طياب,مرسي عليك [rand],سالفة [hard],لمة [edit]
382,leave,partir,غادَر,VERB,راح,فات,هج,احتار [rand],طبش [hard],طالع [edit]
383,"too , also",aussi,أَيْضاً,ADV,حتى,ثاني,همين,متين [rand],منناك [hard],بالك [edit]
384,last,dernier,ماضِي,ADJ,اللي فات,فايت,اخراني,تمام [rand],باهي [hard],خير [edit]
386,need,falloir,ٱِحْتاج,VERB,لزم,اعتاز,بغى,تتبع [rand],استاخ [hard],قلب [edit]
387,money,argent,نُقود,NOUN,فلوس,بيس,مصاري,قلب [rand],ساكوات [hard],بيات [edit]
389,lady,dame,سَيِّدَة,NOUN,مادام,مدموزيل,حرمة,محطة التكسي [rand],مطهار [hard],وليمة [edit]
390,style,style,طِراز,NOUN,موديل,نمط,صورة,فاميلية [rand],بترة [hard],ستيلو [edit]
392,report,rapport,تَقْرِير,NOUN,رابور,بلاغ,نبأ,مستعجل [rand],سبوح [hard],ربيان [edit]
394,enjoy,apprécier,ٱِسْتَمْتَع,VERB,انبسط,عيش حياتك,زهى,حضر [rand],اغاث [hard],توجس [edit]
395,person,personne,شَخْص,NOUN,مخلوق,رجال,نسمة,ويكاند [rand],بقعة [hard],حداق [edit]
399,way,chemin,طَرِيق,NOUN,سبيل,خط,مسرب,بدالة [rand],زيادة [hard],طريق [edit]
400,turn,tourner,ٱِتَّجَه,VERB,دور,افتر,احترف,خطي [rand],جمد [hard],دخلي [edit]
401,glass,verre,كُوب,NOUN,كاس,قلص,جلاص,دخان [rand],بيريه [hard],مرقة [edit]
402,"then , so","alors , donc",إِذَنْ ، فَ+,CCONJ,طب,اذا,عب,بعد كده [rand],اومبعد [hard],ف+ [edit]
405,show me,montres moi,أرِ +نِي,PRON,بين لي,ظهر لي,ارجيني,عليك الله [rand],اينيه [hard],روحي [edit]
406,work,"marcher , travailler",عَمِل,VERB,اشتغل,مارس,كد,اتخلى [rand],حتر [hard],وظف [edit]
407,call,"appeler , rappeler",ٱِتَّصَل,VERB,كلم,خابر,زهم,قيم [rand],تلز [hard],ادى [edit]
410,let,laisser,دَعّ,VERB,خلى,خل,دخلي,فرح [rand],فوض [hard],اتريع [edit]
412,tonight,ce soir,ال+ لَيْلَة,NOUN,الليلة,اليوم فالليل,العشية,مرة واحدة [rand],قازوز [hard],عشية [edit]
414,discount,remise,خَصْم,NOUN,رميز,تنزيلات,اوكازيون,بالحق [rand],خطية [hard],قسم [edit]
415,kind,genre,نَوْع,NOUN,صنف,شكل,قالب,حمير [rand],كردور [hard],طراد [edit]
419,come,venir,أَتَى ، حَضَر ، جاء,VERB,وصل,تفضل,مرق,لاقى [rand],اتوهم [hard],فصل [edit]
420,think,croire,ٱِعْتَقَد,VERB,اتصور,عن باله,مخمخ,تفقد [rand],صحح [hard],كان عايز [edit]
422,"store , shop",magasin,مَتْجَر ، مَحَلّ,NOUN,دكان,تكان,برادات,سلفية [rand],بيما [hard],دخان [edit]
423,"just , only",seulement,فَقَط,ADV,بس,برك,اكهو,ماكو [rand],مام [hard],امكن [edit]
424,large,grand,كَبِير,ADJ,ضخم,عود,شحط,مو زين [rand],اسكه [hard],نود [edit]
425,"have , get",avoir,حَصَل,VERB,جاب,كان,احتكم,خلف [rand],انعدم [hard],ناول [edit]
426,make a call,passer un appel,أَجْرَى مُكالَمَة,NOUN,طلب,سوى اتصال,زهم,مرقة [rand],دحين [hard],ضر [edit]
427,tell,indiquer,أَخْبَر,VERB,قال,وصل,نبا,حصل [rand],انفيتا [hard],تحاكى [edit]
428,check,vérifier,فَحَص,VERB,راجع,قلب,تمم,ابصر [rand],تلز [hard],راعى [edit]
429,"stay , remain",rester,مَكَث,VERB,فضل,تم,استنى,بان كشغل [rand],فوض [hard],بدى [edit]
430,beautiful,beau,جَمِيل,ADJ,وسيم,مزيان,زاز,مكيف [rand],متيقن [hard],داوي [edit]
432,please,"s' il vous plait , veuillez",مِن فَضْل +ك,PRON,لو سمحت,من رخصتك,اترجاك,انهي [rand],تبعكم [hard],شنوا [edit]
433,have,avoir,لَدَى,NOUN,عند,معه,بيملك,فنجان [rand],سيرة [hard],طرف [edit]
435,excuse me,excuser moi,ال+ مَعْذِرَة,NOUN,سامحني,سمحوا لي,المعذرة,مرأة [rand],استنفاع [hard],معليه [edit]
436,sorry,désoler,آسِف,NOUN,متأسف,عذرا,معلهش,ربيع [rand],تركينة [hard],المرة [edit]
437,today,aujourd'hui,ال+ يَوْم,NOUN,اليوم,ذا اليوم,الليلة,لا مؤاخذة [rand],خضرة [hard],ايوه [edit]
439,very,très,جِدّاً ، ل+ ال+ غاية,NOUN,قوي,كثير,خيرات,ستيلو [rand],تطليعة [hard],مرقة [edit]
440,well,eh bien,حَسَناً,NOUN,تمام,الحمد لالله,معله,رسمة [rand],صفحة [hard],كوس [edit]
442,ah!,ah!,أَه!,INTJ,او,اخ,ياح,جاي [rand],ايوة [hard],جاي [edit]
444,is ... true ?,est -ce que ... ?,هَلْ ... ؟ ، أَ+ ... ؟,PART ... ?,هل,صدك,اسكو,تسمح لي [rand],اسكه [hard],نجم [edit]
445,"could you ... ? , can you ... ?",peux -tu ... ?,هَل يُمكِنُ +كَ أن ... ؟,SCONJ ... ?,تقدر,تقدر تسوي,تنجم,,,
447,duty-free,hors taxe,مُعْفَى مِن ال+ جُمْرُك,NOUN,معفي من الجمرك,من غير جمارك,معفي مالجمرك,راي [rand],بيما [hard],ورا [edit]
449,good evening,bonsoir,مَساء ال+ خَيْر,NOUN,مساكم الله بالخير,مساك الله بالخير,ليلتك زينة,بلاش [rand],نمرة [hard],علامة [edit]
451,few,quelque,بِضْع,DET,بعض,قليل,حبة,دي [rand],هذمكا [hard],ذولي [edit]
452,in front,devant,أَمام,NOUN,قدام,مقابل,مقابيل,خالة [rand],عملة [hard],فالواجهة [edit]
453,hello,bonjour,مَرْحَباً,NOUN,سلام,خيرات,ازايك,تاصل [rand],مرواح [hard],اهل [edit]
455,how much,combien,بِ+ كَمْ,ADV,قداش,شكثر,شحال,والكل [rand],ايحين [hard],اشكثر [edit]
457,most,la plupart,مُعْظَم ، أَغْلَب,DET,اكثر,الغالبية,لابلوبار,بعض [rand],هذن [hard],كم [edit]
463,oh!,oh!,أَه!,INTJ,او,يا,اوب,لا لا [rand],باهي [hard],اي [edit]
464,okay,ok,حَسَناً,NOUN,اوكي,ما عليه,ميسالش,كرت السعر [rand],حارة [hard],معليش [edit]
465,go out,sortir,خَرَج,NOUN,طلع,راح,مشا,جنينة [rand],تسكرة [hard],مرقة [edit]
466,"pardon , excuse me",pardon,عَفْواً,NOUN,عن اذنك,بعد اذنك,اعذرني,الحين [rand],غاشي [hard],معلهش [edit]
467,percent,pour cent,بِ+ ال+ مِئَة,NOUN,بالمئة,في المية,نسبة,نيني [rand],شونجمو [hard],حسبة [edit]
469,someone,quelqu'un,شَخْص ما,PRON,احد,شي واحد,حدن,راوني [rand],تبعه [hard],وحدكن [edit]
470,such,tel que,مِثْل,NOUN,نفس,شبه,فحال,قدر [rand],كروة [hard],تكيف [edit]
472,get up,se lever,ٱِسْتَيْقَظ,VERB,قام,ناض,صبي,تحمل [rand],انجعس [hard],فارق [edit]
473,what,quoi,ماذا,PRON,شني,شلون,وشهو,ايا [rand],بروحنا [hard],انهو [edit]
476,"will , shall",aller,سَوْفَ ، سَ+,PART,راح,باش,بش,موش [rand],لع [hard],ما [edit]
477,wow,wouaou,واو,NOUN,الله,بالله,اوو,توا [rand],فحال [hard],ايوه [edit]
478,"yes , yeah","oui , ouais",نَعَم ، أَجَل,INTJ,ايوه,هيه,باهي,ول [rand],هائه [hard],اح [edit]
491,twelve,douze,إثْنَا عَشَر,NUM,اثنعشر,اثنعش,اثنعشن,الثالث عشر [rand],حدعشر [hard],ايدعشر [edit]
533,eleventh,onzième,ال+ حادِي عَشَر,NUM,الحادي عشر,الاهدعش,حدعشر,ثلاثتعش [rand],الثلاثتعشر [hard],احدعشر [edit]
535,thirteenth,treizième,ال+ ثالِث عَشَر,NUM,الثالث عشر,الثلاثتاعش,الثلاثتعشر,السبعتعش [rand],خمستعشر [hard],الثامن عشر [edit]
538,sixteenth,seizième,ال+ سادِس عَشَر,NUM,السادس عشر,ستتعش,الستتعشر,اونزيام [rand],الهداعش [hard],الحادي عشر [edit]
539,seventeenth,dix-septième,ال+ سابِع عَشَر,NUM,السابع عشر,السبعتعش,السبعتعشر,التسعتعشر [rand],الثمانتعشر [hard],الاربعتعشر [edit]
540,eighteenth,dix-huitième,ال+ ثامِن عَشَر,NUM,الثامن عشر,الثمانتعش,الثمانتعشر,الحادعش [rand],سبعتعشن [hard],ثمانتاعش [edit]
541,nineteenth,dix-neuvième,ال+ تاسِع عَشَر,NUM,التاسع عشر,تسعتعش,التستعتعش,الستتاعش [rand],الثمانتعشر [hard],السابع عشر [edit]
571,about,environ,حَوالَي,NOUN,تقريبا,زي,علاين,من غير جمارك [rand],صرفة [hard],امال [edit]
579,then,ensuite,ثُمَّ,CCONJ,وبعدين,خلاف,اومبعد,كان [rand],بصح [hard],عب [edit]
580,another,autre,آخَر,ADJ,ثاني,وحد آخر,اللخري,كويس [rand],هوايا [hard],تاني [edit]
581,around,vers,حَوالَي ، حَول,NOUN,جنب,جويه,جيهة,طلوع [rand],طوالي [hard],جهة [edit]
582,as,comme,كَ+,ADP,زي,كنه,سعما,دير [rand],مرهون [hard],عمل [edit]
584,at,chez,عِنْد,NOUN,في,جنب,حذا,زول [rand],تاته [hard],بجنب [edit]
585,because,parce que,لِ+ أَنَّ,SCONJ,لانه,علىشان,بارسكو,,,
587,behind,derrière,خَلْف,NOUN,ورا,بعد,مور,رستوران [rand],صوغة [hard],فورا [edit]
588,beside,près,جِوار,NOUN,عند,حد,بجنب,طلة [rand],صوبة [hard],طرف [edit]
590,but,mais,لٰكِنْ,CCONJ,ولكن,مي,بصح,اذا [rand],ابري [hard],اذا [edit]
592,during,pendant,خِلال,NOUN,وقت,طول,فوقت,انزين [rand],اتبضع [hard],لمام [edit]
595,except,sauf,عَدا,VERB,ما عدا,كان,منعدا,وجه [rand],استضا [hard],سالا [edit]
596,for,pour,لِ+ ، مِن أَجْل,NOUN,عشان,حق,منشان,جاهل [rand],حبة [hard],عشا [edit]
600,inside,à l' intérieur,داخِل,NOUN,الداخل,جوات,فوسط,مرأة [rand],مشكلة [hard],جواب [edit]
601,like,comme,مِثْل,NOUN,كي,شبه,فحال,بلاكة [rand],ندر [hard],كنيف [edit]
602,near,près,قُرْب,NOUN,جنب,حد,بجنب,عمارة [rand],قالب [hard],كوتي [edit]
604,no,non,كَلّا,INTJ,لا لا,ما شي,هائه,ايه [rand],ياح [hard],هيه [edit]
606,take off,baisser le prix,خَصَم,NOUN,نقص,قلل,هبط السومة,موقف التكاسي [rand],ترابيزة [hard],نازل [edit]
609,outside,à l' extérieur,خارِج,NOUN,برات,برا,برع,سارق [rand],رخصة القيادة [hard],برشا [edit]
613,some,"du , quelque",بَعْض,NOUN,شي,حد,حبة,حمير [rand],سايي [hard],كمة [edit]
616,"go through , cross",passer,عَبَر,VERB,قطع,جاز,مرق,ساب [rand],ختى [hard],عاز [edit]
617,"till , until",jusque,حَتَّى,ADP,لحد,الى,لبين,زيد [rand],سع [hard],كما [edit]
619,toward,vers,ٱِتِّجاه,NOUN,باتجاه,ناحية,فير,برمي [rand],صفرة [hard],اتجاه [edit]
622,while,pendant,أَثْناءَ,NOUN,خلال,لمن,بوندون,العشية [rand],هالثانية [hard],فوقت [edit]
625,without,sans,دُون,NOUN,بدون,بلا,مبلا,جيهة [rand],قارورة [hard],مبلغ [edit]
628,mine,"le mien , la mienne , les miens , les miennes",لِ +ي,PRON,مالي,بو حالي,مالتي,ارجوك [rand],دياله [hard],متاعك [edit]
630,myself,moi-même,نَفْس +ِي,PRON,روحي,ذات نفسي,نيت,انفسكم [rand],متاعهم [hard],مالي [edit]
635,our,nôtre,لَ +نا,PRON,حقنا,بو حالنا,مالتنا,نفسكم ثنينكم [rand],آش [hard],مالتها [edit]
636,ourselves,nous-même,أنْفُسِ +نا,PRON,روحنا,ايدينا,وحدنا,عيشك [rand],هذاهو [hard],نفسها [edit]
641,yours,"le tien , la tienne , les tiens , les tiennes",لَ +كَ,PRON,حقك,حالك,تاعك,ش+ [rand],كو [hard],بو حالش [edit]
642,yourself,toi-même,نَفْس +كَ,PRON,نفسك,وحدك,نيت,هاوه [rand],متاعكم [hard],حالكن [edit]
647,yours,"le tien , la tienne , les tiens , les tiennes",لَ +كِ,PRON,لك,بو حالش,الكي,ارجوك [rand],لالكو [hard],بو حالك [edit]
648,yourself,toi-même,نَفْس +كِ,PRON,نفسكي,انتي ذاتك,روحش,راسهم [rand],لالك [hard],حالكم [edit]
649,you,vous,أَنْتُما,PRON,انتن,انتو الاثنين,ثنينكم,من فضلك [rand],متاعكم [hard],شنوا [edit]
652,yours,"la vôtre , le vôtre , les vôtres",لَ +كُما,PRON,حقكم,بو حلكن,لجن,لو سمحت [rand],تاعها [hard],بو حالهم [edit]
653,yourself,vous-même,نَفْس +كُما,PRON,نفسكم,انفسكن,نفسجن ثنينجن,اهي [rand],بتاعكم [hard],انفسهن [edit]
657,yours,"la vôtre , le vôtre , les vôtres",لَ +كُم,PRON,حقكم,بو حالكم,لالكو,روحنا [rand],ديالنا [hard],بو حالكن [edit]
658,yourself,vous-même,نَفْس +كُم,PRON,انفسكم,روحكم,حالكم,اذا بتريد [rand],حلهم [hard],نفسيكم [edit]
662,yours,"la vôtre , le vôtre , les vôtres",لَ +كُنَّ,PRON,حقكم,حقكن,ديالكم,وش [rand],تاعنا [hard],بو حلهن [edit]
663,yourself,vous-même,نَفْس +كُنَّ,PRON,نفسكم,روحكم,حالكم,يعيشك [rand],لالكم [hard],انفسهم [edit]
668,his,"le sien , la sienne , les siens , les siennes",لَ +هُ,PRON,ماله,بو حله,مالته,روحك [rand],بروحكم [hard],بو حالش [edit]
669,himself,lui-même,نَفْس +هُ,PRON,نفسه,وحده,بايده,من فضلك [rand],ليكه [hard],بايدها [edit]
674,hers,"le sien , la sienne , les siens , les siennes",لَ +ها,PRON,حقها,حالها,ديالها,ذات نفسي [rand],ذاتكم [hard],ديالهم [edit]
675,herself,lui-même,نَفْس +ها,PRON,روحها,هي ذاتها,بايدها,مالنا [rand],تاعهم [hard],بايدهم [edit]
676,they,ils,هُما,PRON,هن,هنا,هنن,ما [rand],متاعه [hard],لنا [edit]
680,theirs,"la leur , le leur , les leurs",لَ +هُما,PRON,لهم,مالهم,تبعهن,اش [rand],نيت [hard],بو حالكم [edit]
681,themselves,eux-même,نَفْس +هُما,PRON,نفسهم,وحدهم,ذاتهن,انتو الاثنين [rand],اينوه [hard],انفسكن [edit]
686,theirs,"la leur , le leur , les leurs",لَ +هُم,PRON,حقهم,تبعهم,الهن,ذات نفسي [rand],تبعكن [hard],بو حله [edit]
687,themselves,eux-même,نَفْس +هُم,PRON,نفسهم,هم ذاتهم,نفسهن,هدي [rand],متاعهم [hard],انفسهن [edit]
688,they,elles,هُنَّ,PRON,هم,هوما,هنه,شنيا [rand],وحدنا [hard],#+ها [edit]
692,theirs,"la leur , le leur , les leurs",لَ +هُنَّ,PRON,حقهم,الهن,تبعهن,وحدها [rand],كو [hard],بو حالكن [edit]
693,themselves,eux -même,نَفْس +هُنَّ,PRON,انفسهن,حالهم,نيت,وشو [rand],ديالكم [hard],انفسكم [edit]
694,this,"ce , cet , ceci",هٰذا,DET,هاذا,ذا,ذيه,ديك [rand],اذومكا [hard],هاذي [edit]
695,this,"cette , celle -ci",هٰذِهِ,DET,هاذي,هاي,دهي,هذا [rand],ذيلا [hard],هاذ [edit]
699,that,"cela , celui -là",ذٰلِكَ,DET,ذاك,هداك,دهو,هولا [rand],اذومكا [hard],هيدا [edit]
703,what,que,ماذا,PRON,واش,شنيا,شنوما,هين [rand],نيت [hard],ايشه [edit]
709,there is not ...,il n' y a pas,لَيْسَ هُنالِكَ ، لَيْسَ ثَمَّةَ ، لَيْسَ هُناكَ,ADV,مافيهش,ماكو,مابهش,بكم [rand],ثما [hard],غادي [edit]
710,fare,tarif,أُجْرَة,NOUN,سعر,حق,نول,قوام [rand],استبني [hard],كروسة [edit]
714,black,noir,أَسْوَد,ADJ,اخضر,كحل,شوشان,يجنن [rand],يكوي [hard],اتمرض [edit]
715,shoot,tirer,أَطْلَق,VERB,ضرب,طق,حدف,تربس [rand],اتنعم [hard],قوم [edit]
717,declare,déclarer,أَعْلَن,VERB,بين,ديكلارا,روج,روح [rand],تسالا [hard],لوج [edit]
719,mother,mère,أُمّ,NOUN,والدة,مامة,ماين,مسا الخير [rand],دموازال [hard],قامة [edit]
720,son,fils,ٱِبْن,NOUN,عيل,طفل,ضنى,ازياء [rand],قش [hard],اهل [edit]
722,listen,écouter,ٱِسْتَمَع,VERB,اتسمع,اتصنت,تنصت,فعل [rand],هرس [hard],تسمع [edit]
727,extra,supplémentaire,إِضافِيّ,ADJ,زيادة,احتياط,بزايد,ممتاز [rand],هايل [hard],جايز [edit]
728,tire,pneu,إِطار,NOUN,تاير,بنو,دولاب,عهد [rand],خلاء [hard],تاي [edit]
733,exchange,échanger,بَدَّل,VERB,صرف,فك,قايض,اتحمل [rand],كماصا [hard],تبادى [edit]
735,simple,simple,بَسِيط,ADJ,سهل,هوين,بديهي,كويس [rand],عقة حصا [hard],يسبر [edit]
742,shopping,shopping,تَسَوُّق,NOUN,شرا,شوبينغ,تمهار,تو تو [rand],ميسالش [hard],شراب [edit]
745,tv,télé,تِلْفِزيُون,NOUN,تي في,تلفزة,لاتيلي,اصلا [rand],بيرو [hard],بلوزة [edit]
749,timetable,horaire,جَدْوَل,NOUN,وقت,جدول مواعيد,ساعة,مكان [rand],ازمة [hard],مساعدة [edit]
752,shrimp,crevette,جَمْبَرِيّ,NOUN,كروفات,روبيان,شفرات,كلاس [rand],حسي [hard],كرافات [edit]
753,quality,qualité,جَوْدَة,NOUN,كاليتي,نوعية,نوعية باهية,بوكس [rand],فليل [hard],نوع [edit]
757,bellboy,chasseur,خادِم,NOUN,عامل,بص بوي,حمال الشنط,سانتور [rand],اجزاخانة [hard],نازل [edit]
758,free,libre,خالِي,ADJ,فاضي,حر,خاوي,اللي فات [rand],اجين [hard],داوي [edit]
760,serious,grave,خَطِير,ADJ,جاد,ضروري,رزين,زين [rand],راخر [hard],زين [edit]
761,back,arrière,خَلْف,NOUN,وراء,التالي,مؤخرة,وجبة [rand],شرجم [hard],سهر [edit]
763,invite,inviter,دَعا,VERB,عزم,نهم,انفيتا,كان مشتهي [rand],خلى [hard],استخار [edit]
767,lobby,hall,رَدْهَة,NOUN,لوبي,فسحة,مجبب,مرضت [rand],خالة [hard],موقع [edit]
773,wife,femme,زَوْجَة,NOUN,حرم,مادام,مكلف,كان [rand],سعما [hard],مصرات [edit]
776,happy,heureux,سَعِيد,ADJ,فرح,سالي,متونس,خارجي [rand],باهي [hard],حالي [edit]
777,ship,bateau,سَفِينَة,NOUN,باتو,بابور,يخت,نوع [rand],حاجة تذكارية [hard],وابور [edit]
782,slice,tranche,شَرِيحَة,NOUN,قطعة,طرف,وصلة,عمارة [rand],شيشة قزاز [hard],شوفة [edit]
784,certificate,certificat,شَهادَة,NOUN,دبلوم,سيرتيفيكا,اجازة,رسالة [rand],كار [hard],امارة [edit]
786,interesting,intéressant,شَيِّق,ADJ,مشوق,انترستنج,مسلي,قليلة [rand],متروس [hard],باهر [edit]
788,TRUE,vrai,صَحِيح,ADJ,صح,حق,مضبوط,اضخم [rand],مقرف [hard],مزروب [edit]
791,sauce,sauce,صَلْصَة,NOUN,صوص,مرق,صلصل,الليلة [rand],لكوندة [hard],مادام [edit]
792,make,fabriquer,صَنَع,VERB,عمل,صلح,صايب,خلاص [rand],جمد [hard],ساوى [edit]
794,fishing,pêche,صَيْد,NOUN,صيد سمك,بحر,حداق,عيوني [rand],كوفية [hard],بشر [edit]
796,emergency,les urgences,ال+ طَوَارِئ,NOUN,طوارئ,مستعجل,ارجنس,عامل [rand],ندر [hard],مستحيل [edit]
797,student,étudiant,طالِب,NOUN,تلميذ,اتيديون,تلميد,اسمح لي [rand],طقة [hard],ايد [edit]
798,counter,comptoir,طاوِلَة,NOUN,كاونتر,طربيزة,ميز,الاربعاء [rand],خضرة [hard],طاولة [edit]
803,regular,normal,عادِيّ,ADJ,اعتيادي,نظامي,روتيني,مرة اللخ [rand],لاباز [hard],دوني [edit]
805,suffer,souffrir,عانَى,VERB,قاسى,توجع,اتكبد,اصبر [rand],انولا [hard],تحول [edit]
807,cart,chariot,عَرَبَة,NOUN,شاريو,عربانة,كارو,لقاء [rand],البدالة [hard],عطلة [edit]
809,vacation,vacance,عُطْلَة,NOUN,اجازة,فاكونس,صلاعة,راح [rand],ملاقاة [hard],صلا [edit]
810,sign,panneau,عَلامَة,NOUN,اشارة,لافتة,بانو,قدر [rand],سرجم [hard],روحة [edit]
813,girl,fille,فَتاة,NOUN,طفلة,بنية,صبية,درب [rand],مرحبتين [hard],بناية [edit]
814,cup,tasse,فِنْجان,NOUN,كوب,طاس,قلص,سرا [rand],بوندون [hard],خلاص [edit]
815,towel,serviette,فُوطَة,NOUN,بشكير,منديل,سربية,كثير [rand],حارة [hard],موديل [edit]
817,meet,rencontrer,قابَل,VERB,اجتمع,حصل,صادف,شكل [rand],تسن [hard],حاف [edit]
819,story,histoire,قِصَّة,NOUN,حكاية,سالفة,حزوية,لبس [rand],لائحة [hard],سترة [edit]
821,spend,passer,قَضَى,VERB,صرف,عدى,مقضي,خدم [rand],عاين [hard],تعدى [edit]
826,pamphlet,brochure,كُتَيِّب,NOUN,منشور,بروشور,مطوية,في طريق [rand],صفرة [hard],ورطة [edit]
832,contact lens,lentille de contact,عَدَسَة لاصِقَة,NOUN,عدسة,لونتي,لنسس,تبسي [rand],مرق [hard],سونتر [edit]
834,game,jeu,لُعْبَة,NOUN,جيم,طرح,مبارة,شنطة [rand],شطفة [hard],جرح [edit]
836,amount,montant,مَبْلَغ,NOUN,كمية,مقدار,حسبة,زاوية [rand],جرباية [hard],يمة [edit]
838,"group , set",groupe,مَجْمُوعَة,NOUN,جماعة,وفد,فئة,سي سور [rand],اوكازيون [hard],ورقة [edit]
840,toilet,toilette,مِرْحاض,NOUN,حمام,بيت الما,مرافق,انتفاع [rand],تلا [hard],شومة [edit]
841,pass,passer,مَرَّر,VERB,فوت,عدى,عطى,عند [rand],خون [hard],باصر [edit]
842,track,voie,مَسار,NOUN,طريق,سكة,ثنية,مرق [rand],بعثان [hard],ثانية [edit]
843,distance,distance,مَسافَة,NOUN,بعد,مشوار,ديسطونس,مدموازيل [rand],تخت [hard],عد [edit]
847,pump,pompe,مِضَخَّة,NOUN,بمب,ماطور,بم,النهار ده [rand],عالسلامة [hard],يمة [edit]
853,spoon,cuillère,مِلْعَقَة,NOUN,معلقة,مغراف,كشيك,مطلب [rand],للا [hard],قمجة [edit]
854,excellent,excellent,مُمْتاز,ADJ,جيد,مميز,خارق العادة,جاد [rand],بيخيل [hard],باهي [edit]
856,area,région,مِنْطَقَة,NOUN,مكان,ميدان,ناحية,حلاوة [rand],طلعة [hard],مكانة [edit]
859,site,site,مَوْقِع,NOUN,محل,سيت,ناحية,واحد [rand],كمة [hard],جيهة [edit]
860,corner,coin,ناصِيَة,NOUN,ركنة,كورنر,قرنة,دبلوم [rand],معلهش [hard],لقمة [edit]
861,window,fenêtre,نافِذَة,NOUN,شباك,طاقة,دريشة,لي فري [rand],بقعة [hard],طقة [edit]
862,plant,plante,نَبات,NOUN,زرع,شتلة,خضرة,تيه قبل تيه [rand],زيادة [hard],شغلة [edit]
864,woman,femme,إِمْرَأَة,NOUN,ست,ولية,سيدة,قدر [rand],حسه [hard],مادام [edit]
866,look,"regard , coup d' oeil",نَظْرَة,NOUN,طلة,شوفة,تطليعة,بدون ضرايب [rand],مساعدة [hard],شومة [edit]
867,clean,propre,نَظِيف,ADJ,نقي,مغسول,نضيف,بعد شوية [rand],متفاوت [hard],مبسوط [edit]
868,river,rivière,نَهْر,NOUN,واد,بحر,شط,من عيوني [rand],فئة [hard],وادم [edit]
869,quiet,tranquille,هادِئ,ADJ,سكوتي,ترونكيل,رزين,بعد شوية [rand],كمية كبيرة [hard],زين [edit]
871,father,père,والِد,NOUN,بابا,بين,باه,بدون ضرايب [rand],قصاد [hard],باهي [edit]
872,waist,taille,وَسَط,NOUN,خصر,نص,حقو,قريب [rand],شومة [hard],تاج [edit]
873,sign,signer,وَقَّع,VERB,مضى,اعتمد,صحح,فنش [rand],استفسر [hard],صحى [edit]
874,matter,sujet,أَمْر,NOUN,موضوع,حكاية,غرض,طريق [rand],مبارة [hard],مكلة [edit]
876,"mr. , sir",monsieur,سَيِّد,NOUN,استاذ,اخ,عمو,سانتور [rand],كنبة [hard],استاذة [edit]
877,"ms. , maam",madame,سَيِّدَة,NOUN,ست,ام,للا,فورميلير [rand],هلئيتي [hard],ادام [edit]
878,a little bit,un peu,ال+ قَلِيل,ADJ,شويه,ماشي بزاف,حبة,اعظم [rand],باهي [hard],جميل [edit]
879,too much,trop,كَثِيراً جِدّاً,NOUN,كثير,واجد بكل,هوايا,اولريدي [rand],دكة [hard],شق [edit]
880,"many , a lot",beaucoup,كَثِيراً,ADJ,واجد,نود,هلبة,مهم [rand],ملايم [hard],وارد [edit]
881,"still , yet",encore,ما زال,VERB,بعد,مازال,لساته,رن [rand],دقدق [hard],قعد [edit]
882,leave,laisser,تَرَك,VERB,خلى,خلف,دشر,فوت [rand],دعى [hard],تفلت [edit]
883,"take , last","falloir , prendre de temps , durer",ٱِسْتَغْرَق,VERB,قعد,شد,بقى,خلى [rand],زهم [hard],استخار [edit]
884,charges,des frais,رُسُوم,NOUN,تكاليف,مصاريف,ثامان,وصفة طبيب [rand],كارو [hard],تسليف [edit]
888,time,fois,مَرَّة,NOUN,فد مرة,اكو مرة,كرة,كلش [rand],صيغة [hard],كمة [edit]
889,"may I ... ? , can I ... ?",puis -je ... ?,هَل يُمكِنُ +نِي أن ... ؟,PART ... ?,ممكن,فيني,اسكه,بالحق [rand],اسكو [hard],صادق [edit]
890,"might , may",peut-être,قَدْ ، رُبَّما,ADV,احتمال,جايز,بلكشي,حال موه [rand],قديه [hard],والكل [edit]
891,"already , for sure","vraiment , certainement",قَدْ ، فِعْلاً,NOUN,خلاص,من جد,بالصاح,بالمناسبة [rand],قبوط [hard],صلا [edit]
892,really,vraiment,حَقّاً,ADJ,بالحق,حقيقي,مضبوط,ماشي مليح [rand],رباعة [hard],مظبوط [edit]
894,be afraid,avoir peur,خَشِي,VERB,قلق,ارتعب,توهم,هوي [rand],هارج [hard],خطف [edit]
896,bound to,à destination de,مُتَّجِه إِلَى,ADP,رايح ع+,ماشي,ساير,كمان [rand],سعما [hard],قايم على [edit]
898,arrival,arrivée,وُصُول,NOUN,قدوم,رجوع,مجية,قلم حمرة [rand],هوير [hard],قوم [edit]
900,"completely , perfectly ,","parfaitement , complètement",تَماماً,NOUN,بالكامل,كلش,خارق العادة,ستيك [rand],مسابقة [hard],بالكل [edit]
905,right away,immédiatement,حالاً,NOUN,فورا,قوام,دابا,صيد سمك [rand],ضو [hard],ذاحين [edit]
906,soon,bientôt,قَرِيباً,ADJ,عن قريب,بعد شوية,جريب,مستكين [rand],نتفة [hard],ترتيب [edit]
907,stay,"séjourner , descendre à",أَقام,VERB,بقى,تم,قنبر,حول [rand],ولى [hard],تفضل [edit]
910,severe,fort,شَدِيد,ADJ,قاسي,مرة,قصح,اللي راح [rand],مشوم [hard],جاد [edit]
913,"catch , hold",attraper,أَمْسَك,VERB,شد,حكم,شبح,حبس [rand],اندفس [hard],حكى [edit]
914,I caught a disease,J' ai attrappé une maladie,أََصابَ +نِي مَرَض,NOUN,مرضت,تعبت,تمرضت,فرش [rand],غرض [hard],باتي [edit]
916,"largest , larger",plus grand,أَوْسَع,ADJ,اكبر,اعظم,افسح,كمان مرة [rand],مستلزم [hard],ضخم [edit]
917,"suitable , appropriate , fit well","convenable , aller bien",مُناسِب,ADJ,معقول,منيح,ملايم,شايب [rand],يشهي [hard],مضبوط [edit]
918,well,bien,جَيِّداً,ADJ,حلو,طيب,باهي,بلدي [rand],خيرات [hard],مليان [edit]
919,again,encore,مَرَّة أُخْرَى,ADJ,مرة ثانية,مرة غيرها,كرة ثانية,عجل [rand],باهي [hard],اجمعين [edit]
920,more,plus,ال+ مَزِيِد,NOUN,كمان,بعد,بلوس,تو تو [rand],بروة [hard],فلوس [edit]
921,look,regarder,نَظَر,VERB,شاف,بحلق,شبح,انتمى [rand],تكى [hard],لاح [edit]
922,shape,forme,شَكْل,NOUN,فورم,اسلوب,صيغة,احسنت [rand],ازواز [hard],فرجة [edit]
923,allow,permettre,سَمَح,VERB,خلي,ترك,رضى,اتريك [rand],بحبش [hard],وعى [edit]
924,go straight,aller tout droit,سار لِ+ ال+ أَمام,NOUN,مشي لقدام,راح قدام,مشى ستريت,سخونة [rand],بطاقة ائتمان [hard],قدام [edit]
925,make,faire,جَعَل,VERB,عمل,شكل,دعى,فيق [rand],خمط [hard],قعد [edit]
939,june,juin,يُونِيُو,PROPN,جوان,الشهر السادس,يونيه,كانون الاول [rand],الاثنعش [hard],آب [edit]
940,july,juillet,يُولِيُو,PROPN,جويلية,شهر سبعة,يوليه,كانون اول [rand],يونيه [hard],الشهر السادس [edit]
941,august,août,أَغُسْطُس,PROPN,اوت,آب,غشت,شهر اهدعش [rand],يونيه [hard],منيح [edit]
944,november,novembre,نُوفِمْبِر,PROPN,تشرين الثاني,شهر اهدعش,الهدعش,ضريف [rand],باهي [hard],شهر اثنعش [edit]
946,purchase,achat,شِراء,NOUN,مشترى,تسوق,مسواق,تمام [rand],دلوق [hard],ملتقى [edit]
947,going,aller,ذَهاب,NOUN,مشية,الي,نزلة,موقع [rand],سفح [hard],مشاي [edit]
948,getting,obtenir,حُصُول,NOUN,اخذ,انه يدي,تدبير,طرف [rand],عكار [hard],توصيل [edit]
951,changing,changer,تَغْيِير,NOUN,تبديل,قلب,شونجمو,عن قريب [rand],خلقة [hard],قالب [edit]
954,sending,envoyer,إِرْسال,NOUN,بعث,توجيه,بعثان,معاونة [rand],نبأ [hard],مساندة [edit]
955,of course,bien sûr,طَبْعاً,NOUN,بيان سور,مالا لا,بالطبيعة,ناتج [rand],قعادة [hard],معلومة [edit]
957,nice,gentil,لَطِيف,PROPN,حالي,ضريف,جنتيل,شهر اهدعش [rand],يونيه [hard],آب [edit]
958,same,le même,نَفْس,NOUN,زي,ذات,سعما,الداخل [rand],مصدع [hard],تكيف [edit]
959,later,plus tard,لاحِقاً,ADJ,بعدين,خلاف,امبعد,خطير [rand],لاباز [hard],بجد [edit]
960,suitcase,valise,حَقِيبَة سَفَر,NOUN,شنطة سفر,شانطة,جنطة,مدموزيل [rand],ديرة [hard],جنط [edit]
962,sleep,dormir,نام,VERB,بات,نعس,اندفس,تك [rand],انكب [hard],باق [edit]
963,sleep,sommeil,نَوْم,NOUN,نعاس,رقاد,مبيت,احمر [rand],زاروبة [hard],رصدة [edit]
966,down,vers le bas,إِلَى ال+ أَسْفَل,ADJ,تحت,لا نازل,لوطى,جائز [rand],بتلو [hard],يجوز [edit]
967,anything,ne importe quoi,أَيّ شَيْء,NOUN,اي حاجة,اللي تحب,حيالله,مدموزيل [rand],بايق [hard],حيا [edit]
968,wrong,faux,خاطِئ,ADJ,غلطان,مش صحيح,مخطي,خالص [rand],لافت لالنظر [hard],مزبوط [edit]
969,miss,mademoiselle,آنِسَة,NOUN,مدموازيل,الاخت,استاذة,عمي [rand],لاصورونس [hard],مدام [edit]
970,park,se garer,رَكَن,VERB,وقف,جاري,جرج,تم [rand],طبش [hard],بركة [edit]
971,"select , pick",choisir,ٱِخْتار,VERB,خير,اخذ,حدد,خاف [rand],سقسى [hard],اخذا [edit]
975,"run out , end",se epuiser,نَفِد,VERB,خلص,تم,زلج,ناظر [rand],ابتدى [hard],ساوا [edit]
976,end,terminer,ٱِنْتَهَى,VERB,كمل,تم,قضى,سار [rand],رابى [hard],تسالا [edit]
977,bad,mauvais,سَيِّء,ADJ,زفت,مو زين,ماصت,كويس [rand],رابيد [hard],شايب [edit]
978,certainly,certainement,بِ+ ال+ تَأْكِيد,NOUN,اكيد,سي سور,معلوم,مكلة [rand],سبيسارية [hard],معلومات [edit]
979,together,ensemble,سَوِيّاً,ADJ,مع بعضنا,كلنا,رباعة,شي كبير [rand],ملائم [hard],روعة [edit]
980,carry,porter,حَمَل,VERB,رفع,نقل,رزح,كان لازمه [rand],ثور [hard],ريع [edit]
981,enough,suffire,كَفَى,VERB,خلص,سد,اكاهاو,كان عنده [rand],ترصد [hard],برك [edit]
982,take care,prendre soin de,ٱِعْتَنَى,VERB,انتبه,قابل,اتوصى,نزل [rand],زلج [hard],اشتبه [edit]
983,taxi stand,station de taxi,مَوْقِف أُجْرَة,NOUN,موقف,موقف تكاسي,جراج,ايد [rand],ومية [hard],فرمة [edit]
985,already,déjà,فِعْلاً,NOUN,اساسا,من اول,مسبق,عونة [rand],حاجة نشربها [hard],قبال [edit]
986,never,jamais,أَبَداً,NOUN,نهائيا,على الاطلاق,بالمرة,كشف [rand],جنطة [hard],امي [edit]
987,pickpocket,pickpocket,نَشّال,NOUN,حرامي,سراق,بايق,بيبي [rand],خدمة [hard],شقارة [edit]
989,let 's go,allons-y,هَيّا بِ +نا,PRON,يالله,ارح,نمشيوا,حالنا [rand],ديالكم [hard],هيها [edit]
991,welcome,bienvenu,مَرْحَباً ، أَهْلاً,NOUN,السلام عليكم,اهلين,حبابك,باسبور [rand],تخت [hard],حبتين [edit]
992,you are welcome,je vous en pris,عَفْواً,NOUN,العفو,من عيوني,اتدلل,حسب التقريب [rand],طراز [hard],فواياج [edit]
994,here she is,voici,ها هِيَ,PRON,اهي,هنا هي,اكاهي,بو حلهم [rand],هذاهو [hard],همليك [edit]
996,think,penser,ظَنّ,VERB,حسب,اتصور,اشتبه,ما ضل [rand],اتفزع [hard],اعتمد [edit]
997,think,réfléchir,فَكَّر,VERB,شاف,نظر,مخمخ,وصل [rand],ادى [hard],حب [edit]
