ID,English,French,MSA,POS,Easy,Medium,Hard
2,hotel,hôtel,فُنْدُق,NOUN,اوتيل | اوتال | هوتيل | وتيل,اطل | لوكندة,لكوندة | وطيل
3,train,train,قِطار,NOUN,تران | ترين,ترينو,ريل | طران | طرن | وابور
4,restaurant,restaurant,مَطْعَم,NOUN,رستوران,ريستوران,ريستو | ريستورو
9,insurance,assurance,تَأْمِين,NOUN,ضمان | ضمانة,اسيرونس | اسرنس,بوليصة | بيما | سيقورطة | لاصورونس
12,possible,possible,مُمْكِن,ADJ,احتمال | جايز | محتمل | معقول | وارد | يجوز | يمكن,بيصير | بلاك | بوسيبل | جائز | مباح | مسموح | يصير,اسكه | بيجوز
20,"pain , hurt","douleur , mal",أَلَم,NOUN,وجع,جرح | حرق | حريق | سهر | ضر | عذاب | وجيعة,عوار
23,stay,séjour,إِقامَة,NOUN,قعدة,بيات | سجور | سيجور | قعاد | مبيت,جلسة | نزلة
30,blanket,couverture,بَطّانِيَّة,NOUN,غطا | غطاء | لحاف,حرام | فراش,برنوص | شاذر | فرشية | كمبل | كوفرتة | كيشة | ملاية
31,beach,plage,شاطِئ,NOUN,بحر | بلاج,كورنيش,ساحل | لابلاج
33,juice,jus,عَصِير,NOUN,جو,شراب | شربت,زوم
36,meeting,réunion,ٱِجْتِماع,NOUN,تجمع | جلسة | جمعة | لقاء,قعدة | لمة | مقابلة | ملتقى,ريونيو | ريينيو | ملاقاة | ندوة
44,direction,direction,ٱِتِّجاه,NOUN,جهة | طريق,جنب | جيهة | صوب | مسار | ناحية | وجهة | يم,شيرة | صفحة | صلا | مسلك | ميلة | يمة
45,delicious,délicieux,لَذِيذ,ADJ,حالي | حلو | طعم | طيب,بنين | ذكي | زين | شهي | طاعم | طعيم | لطيف,بيشهي | زاكي
46,main,principal,رَئِيسِيّ,ADJ,اساسي,لازم | مركزي | هو صح,جوهري | عمومي | لاباز | ليسونسيل
49,tip,pourboire,بَقْشِيش,NOUN,اكرامية | بوربوار,بخشيش | حق التعب | حلاوة | حلوان,تضويرة | تيبس | مساعدة | مكافأة
50,pair,paire,زَوْج,NOUN,اثنين,الاثنين | جوز,اثنيناتهم | ازواز | جزمة | جوج | حبتين | زوز | فردتين
52,weekend,week-end,نِهايَة ال+ أُسْبُوع,NOUN,نهاية الاسبوع | ويكيند | ويكاند,آخر الاسبوع | آخر الجمعة | عطلة | عطلة نهاية الاسبوع,الجمعة
56,prefer,préférer,فَضَّل,VERB,حب | خير,استخار | عجبه اكثر,استروح | بدى | حبز
60,pen,stylo,قَلَم,NOUN,ستيلو,قلم حبر,بنينة | بيرو
61,wake,réveiller,أَيْقَظ,VERB,صحى | صحي | قعد | قوم,فيق | قيم | نوض,نهض | وعى
62,express,express,سَرِيع,ADJ,اكسبريس | اكسبرس,مستعجل,بسرعة | داوي | رابيد | فريرة | مزروب | مسرع
63,souvenir,souvenir,تَذْكار,NOUN,سوفنير,ذكرى | هدية,تحفة قديمة | حاجة تذكارية | صوغة
66,necessary,nécessaire,ضَرُورِيّ,ADJ,لازم | مطلوب | مهم,واجب,مستلزم
68,zoo,zoo,حَدِيقَة ال+ حَيَوانات,NOUN,حديقة الحيوان | حديقة الحيوانات | حديقة حيوان | حديقة حيوانات | زو,جنينة الحيوان,بوسكو
76,garden,jardin,حَدِيقَة,NOUN,بستان | جنان | جنينة,ارض | جردان | جردة | حقل | روضة | منتزه,زراعة | نجيلة
79,sick,malade,مَرِيض,ADJ,تعبان,سهران | عليل | عيان | ماني طيب | مالاد | متخربط | متمرض | مرضان,اتمرض | متوعك
81,passport,passeport,جَواز سَفَر,NOUN,باسبور | جواز,بسبور,باسبورت
83,color,couleur,لَوْن,NOUN,كولور,صبغة,صبيغة
84,why,pourquoi,لِماذا,ADV,علاش | لويش | ليش | ليه,حال موه | عشان شنو | عليش | لواش | وراه | وعلاش,حموه | علاه | للمه | لليش
92,help,aider,ساعَد,VERB,دعم | عاون | نفع,ايد | خدم | ساند | سند | فاد | لحق | نجد,اسعف | اغاث | انجد | سعف | فزع
95,credit,crédit,ٱِئْتِمان,NOUN,رصيد | كريدي,تسليف | دين | سلف | سلفة | سلفية | قرض,بطاقة ائتمان
96,thanks,merci,شُكْراً,NOUN,مرسى | مشكور,احسنت | تسلم | صحيت | عشت | عيشك | ما قصرت | ميرسى | مرسي عليك | يسلموا | يعطيك الصحة | يعطيك العافية | يعيشك,صحة | متشكر
97,service,service,خِدْمَة,NOUN,معروف,سرفيس | سيرفيس | طلب | مساعدة,امارة | قضية | مزية
98,cigarette,cigarette,سِيجارَة,NOUN,دخان,جارو | جيرو,شقارة | شكارة | جيكارة | زجارة | زقارة | سبسي | سيكارة
100,tie,cravate,رَبْطَة عُنْق,NOUN,كرافات | كرفتة | كرافاتة,رباط | ربطة,جرافة | جرفطة | قرباطة | قرواطة | كرافة | نكتاي
104,headache,mal de tête,صُداع,NOUN,وجع الراس | وجع راس | وجعية راس,حريق الراس | صداع الراس | وجع فالراس,شقيقة | مصدع | ميجران
105,cancel,annuler,أَلْغَى,VERB,بطل | كنسل,مسح,انولا
107,where,où,أَيْنَ,ADV,فين,على هين | هين,فينه
110,entrance,entrée,مَدْخَل,NOUN,دخلة | دخول,باب رئيسي | منفذ,دشة | طرقة | مشاي
116,worry,se inquiéter,قَلِق,VERB,تقلق,اتوتر | انهم | توسوس | خاف | هم | وسوس,اتحير | اتقلق | اتهم | ادوده | تشوش | تنشن | توجس | حاتى | فزع | مخبوص
117,accident,accident,حادِث,NOUN,اكسيدون,دعمة,كسدة | مصيبة
118,order,commande,طَلَب,NOUN,اوردر,امر | كماندة | كموند | كوموند,#N/A
120,beef,boeuf,لَحْم بَقَرِيّ,ADJ,لحم عجل,بقري | عجل | لحم هوش,بتلو | شمبري
123,bus,bus,حافِلَة,NOUN,باص | بص,اتوبيس | النقل الجماعي | امجاد | بوس | ريم | توبيس,تاته | دباب | كار | كوس | منشأة
124,local,local,مَحَلِّيّ,ADJ,بلدي | لوكال,الدار | اهلي | داخلي | عماني | منزلي,موضعي
131,steak,steak,شَرِيحَة لَحْم,NOUN,استيك | ستيك,شطفة لحم | قطعة لحم,بفتيك | شرحة | قطعة | لحمة
135,foreign,étranger,أَجْنَبِيّ,ADJ,خارجي | غريب,اعجم | اعجمي | براني | خواجة | عجمي | كوري | وافد,افرنجي
136,use,usage,ٱِسْتِخْدام,NOUN,استعمال,استغلال | استفادة | انتفاع | فايدة | منفعة,استنفاع | ستعمال
137,natural,naturel,طَبِيعِيّ,ADJ,عادي,ناتورال,فطري | نورمال
140,hear,entendre,سَمِع,VERB,تسمع,فهم,استاخ | تصنت | تصنط
141,stop,arrêt,مَحَطَّة,NOUN,موقف,وقفة,ركنة | صطب | لاري | نقطة
142,view,vue,مَنْظَر,NOUN,مشهد,طلة | فيو,شوفة | فرجة
143,coat,manteau,مِعْطَف,NOUN,جاكيت | كوت,جاكيتة | سترة | قميص | كبوت,بالطو | جاكة | فيستة | قبوط | كبود | كبوط | مونطو
144,contract,contrat,عَقْد,NOUN,اتفاق,اتفاقية | حجة | كونترا | كنتراتو | كنترا,تفاقية | كنترادة | مستند
145,flight,vol,رِحْلَة,NOUN,فول,رحلة طيران | سفرة | طيارة | طيران,سفرية
148,class,classe,دَرَجَة,NOUN,طبقة | كلاس | مستوى | نوع,صف | مرتبة | مكانة | موديل,صنف | طراز
149,shirt,chemise,قَمِيص,NOUN,شميز,تيشيرت | شوميز | شيرت | فنيلة | فانيلة,بلوزة | سورية | فنلة | قمجة | قميجة
151,watch,regarder,شاهَد,VERB,تفرج | اتفرج | تابع | راقب | شاف,ابصر | حضر | خزر | طالع | ناظر,باوع | حتر | دحج | رابى | شبح | غزر
156,arm,bras,ذِراع,NOUN,ايد | يد,زند | ساعد,دراع
159,lock,enfermer,أَغْلَق,VERB,سد | سكر | قفل,تربس | شد | صك,طفى
160,child,enfant,طِفْل,NOUN,جاهل | صغير | عيل | فرخ | ولد | وليد,بوبو | بيبي | دري | نونو | نيني | واد,زعطوط | زغتور | شافع | شنتي | صبي | نجاع
161,room,chambre,غُرْفَة ، حُجْرَة,NOUN,بيت,اوضة | دار | شومبرا,صفة
164,friend,ami,صَدِيق,NOUN,امي | رفيق | صاحب,حبيب | خبير | خل | خوي | ربع | ربيع | صحوبة,رفيج | زميل
166,side,côté,جانِب,NOUN,جهة | طرف | وجه,جزء | جيهة | حد | ريح | شق | صايد | صف | صوب | كوتي | ناح | ناحية | وج | وش | يم,صفحة
170,different,différent,مُخْتَلِف,ADJ,غير,عكس | غير شكل | فرق | ماشي كيف كيف,مبدل | متفاوت
171,shower,douche,دُوش,NOUN,حمام,شاور,بانيو | سبحة | سبوح
173,country,pays,بَلَد,NOUN,دولة,ريف | قطر,ديرة
174,new,nouveau,جَدِيد,ADJ,حديث,آخر موديل | جديد لنج | نوفي,بورقته | خلنج | فرش | لنج | مودرن | يديد
175,bottle,bouteille,زُجاجَة,NOUN,بطل,قزازة,ازاجة | ازازة | بوتاي | جزازة | دبة | دبوزة | دبوسة | شيشة | شيشة قزاز | علبة | غرشة | قارورة | قرعة | قمقمي | قنينة | مطارة
178,street,rue,شارِع,NOUN,درب | طريق,زنقة,حارة | رصدة | زاروب | زاروبة | زغط | زغطي | سكة
179,trip,voyage,رِحْلَة,NOUN,سفر | سفرة | مشوار,سفرية | طلعة | فواياج,جولة | روحة | شومة | ضهرة
182,night,nuit,لَيْل,NOUN,عشا | مسا,العشية | عشي | عشية,فالليل
183,place,endroit,مَكان,NOUN,محل | موضع | موقع,بقعة | بلاصة | جهة | مطرح | ناحية,دعنة
184,sure,sûr,مُتَأَكِّد,ADJ,اكيد | سور | واثق,حقيقي | من جد,مأكد | متيقن
189,product,produit,مُنْتَج,NOUN,انتاج | بردو,برودوي | بضاعة | سلعة | محصول | ناتج,صناعة | غرض | غلة
190,double,double,مُزْدَوِج,ADJ,دبل | دوبل | ضعف | مضاعف,اثنين | ثنين | مدبل | مدوبل,زوز | مثني | مجوز
191,meal,repas,وَجْبَة,NOUN,اكل | اكلة | صحن | طبخة | طبق,اكال | رب | فطور,روبى | طقة | ماكلة
192,doctor,médecin,طَبِيب,NOUN,دكتور | دكتورة,حكيم | ميدسان,تكتور | دختور
193,police,police,شُرْطَة,NOUN,بوليس | بوليسية,امن | درك,النجدة | لابوليس | لبوليس | نجدة
195,boat,bateau,قارِب,NOUN,باتو | زورق | مركب,بابور | بلم | سفينة | شختورة | فلوكة,طراد | لنج
198,slope,pente,مُنْحَدَر,NOUN,نازل | نزلة,حدورة | حنية | دحديرة | منحنى | منزل | ميل | نازولة | نزلاية | هبطة,دحدورة | دردوحة | سفح | قحمة | لابونت | نصة | هوير
199,letter,lettre,خِطاب,NOUN,جواب | رسالة | مكتوب,كلمة,بروة | ديسكور | قرطاسة | ورقة
200,hat,chapeau,قُبَّعَة,NOUN,شابو | طاقية,برنيطة | كاب | كاسكيت,بيريه | شاشية | شفقة | طربوش | كاسكيتة | كبوس | كلاو | كمة | كوفية
202,soup,soupe,حَساء,NOUN,شربة | شوربة,مرق | مرقة,سخونة | صوبة
203,clothes,vêtement,مَلابِس,NOUN,ثياب | لباس | لبس | هدوم,ازياء | حوايج | زي | كسوة | هدمة,اواعي | تياب | دبش | قش
205,dish,plat,طَبَق,NOUN,صحن,اكلة | بلا | تبسي | ماعون | وجبة,صينية | طبخة | قصعة | ماكلة | مكلة | وعا
206,wait,attendre,ٱِنْتَظَر,VERB,استنى | صبر,اصبر | نطر | تاني | جلس | ستنى,اتأنى | اتريع | تحين | تسن | تهيد | توانى | راعى | ريض | ريع
207,form,formulaire,ٱِسْتِمارَة,NOUN,نموذج,طلب | فرمة | فرملر | فورميلير | مطلب | ورقة,اورنيك | كليشة
209,"want , would like",vouloir,أَراد ، وَدّ ، رَغِب,VERB,احتاج | حب | طلب,بغى | شاء | عاز | كان بده | كان داير | كان عايز | كان مشتهي | كان يبغى | كان يبى | كان يبي | يبي,اشتى | اشتي
211,smoking,fumer,تَدْخِين,NOUN,دخان,شراب السجاير,تكيف | دوخة | كميان
212,sit,se asseoir,جَلَس,VERB,قعد,اتربع | استراح | برك | تجلس | تربع | ريح,انجعس | تجضع | قعمز | قمبر | قمعز | قوحز | كدس | هجع
214,"best , better",meilleur,أَفْضَل,ADJ,اجود | احسن | خير,اخير,ابهر | احلى | ازبط
217,seem,sembler,بَدا,VERB,الظاهر | بان | بين | شكله | ظهر | كان شكله,بان كشغل | كان باين | كان شكل | كنه,اثاري | تهايا | عثاري | لاح
218,operator,opérateur,عامِل ال+ تِلِفُون,NOUN,عامل التلفون,ابو البدالة | الراجل | اوبراتور | بدالة | عامل البدالة | عامل المقسم | موظف الاستعلامات | موظف السنترال,ابرطر | استعلامات | البدالة | المرة | الاوبيريتر | سنترال | ستوندارديست
219,explain,expliquer,شَرَح,VERB,بين | فسر | فهم | وضح,اول | خبر | فصل,علل
220,depend,dépendre,تَوَقَّف عَلَى,ADP,اعتمد | اعتمد على | حسب,باش لازم | قايم على | واقف على | يعتمد على,اتكل | مرهون
222,table,table,مائِدَة,NOUN,طاولة,طرابيزة | سفرة | طابلة | طبلة,تخت | ترابيزة | صفرة | طبلية | وليمة
224,stomach,estomac,مَعِدَة,NOUN,بطن,كرش | كرشة,لاسطومة | ليسطومة
225,belt,ceinture,حِزام,NOUN,سانتور,زنار | سانتورة | سير | نطاق,حزاق | سبتة | سمطة | قشاط
226,steal,voler,سَرَق,VERB,باق | نهب,اختلس | خطف | سلب | لطش | لهط | نشل,تفتف | حاف | خمط | خنب | خون | سطا | سكرف | شفر | شفط | شل | طحس | لقف | لهف | نزغ | هف
227,give,donner,أَعْطَى,VERB,جاب,ادى | تبرع | تكرم | سلم | قدم | منح | ناول | هات | هز | وهب | يدي,اسكذه | اسكه | انطى | مكن
228,seat,place,مَقْعَد,NOUN,كرسي | مكان,بلاصة | قعدة | محل,دكة | كشن | كنبة
230,size,taille,مَقاس ، حَجْم,NOUN,طول | قد | قياس,تاي | كبر,قامة
231,"speak , talk",parler,تَحَدَّث ، تَكَلَّم,VERB,سولف | قال | كلم,اتحاكى | تحكى | تناقش | حكى | حكي | خابر | دوى | هدر | هرج,تجابر | اتخابر | تحاكى | دردش | هدرز
232,look for,chercher,بَحَث,VERB,دور | شاف | فتش,ابصر وين | شاف وين | قلب,بحبش | تحرى | حوس | عاين | فركس | لوج | نشد
233,maybe,peut-être,رُبَّما,ADV,احتمال | بالك | بلاك | بلكي | ممكن | يمكن,امكن | قد يكون | لربما | يكون,بيجوز | بالكشي | بلكت | بوسيبل | تقريب | جايز | يستوي
235,case,cas,حالَة,NOUN,كيس | وضع,ظرف | قضية | موضوع,مسألة
236,bed,lit,سَرِير,NOUN,فراش | فرش,عن قريب,تخت | جرباية | قعادة | كرفاية | منام | ناموسية
237,driver 's license,permis de conduire,رُخْصَة قِيادَة,NOUN,رخصة | رخصة سواقة,برمي,اجازة | رخصة القيادة | شهادة | ليسن
238,wonderful,merveilleux,رائِع,ADJ,جميل | حلو | هايل,بيمزع العقل | خطير | رهيب | شي كبير | عجيب | كتيير حلو | كتيير ظريف | ممتاز | واجد زين | يجنن,بجنن | بيخيل | بيعقد | باهر | تحفة | قمة | يخبل
239,plate,assiette,طَبَق,NOUN,صحن,ماعون,صحلة | صونية | طبسي | طبسيل | وعا
240,reconfirm,reconfirmer,أَعاد تَأْكِيد,NOUN,اكد,اتأكد | اكد تاني | اكد مرة تانية | بعده اكد | تأكد | تأكد مرة ثانية | رجع اكد | رد اكد | زاد يأكد | زيد اكد | شيك | شيك مرة ثانية | وكد,اعادة تشييك | عاود كونفيرمى
241,lipstick,rouge à lèvre,أَحْمَر ال+ شِفاه,NOUN,احمر | حمرة | حمير | روج | روج الافر | قلم حمرة,احمر شفايف | حامورة | حومرة,اعكر | بترة | عكار | ماكياج
242,call,appel,مُكالَمَة,NOUN,اتصال,ابال | تلفون | مخابرة,تعيطة
244,fever,fièvre,حُمَّى,NOUN,حرارة | سخانة | سخونة,سخونية,باردة | حرارة مرتفعة
245,old,vieux,قَدِيم,ADJ,شايب | عتيق | كبير,انتيكا | شيباني | شيبة | عجوز | عزوز,شارف
248,picture,photo,صُورَة,NOUN,تصويرة,رسم | رسمة | لوحة,برتريه | تابلوه | فوطو
249,line,ligne,خَطّ,NOUN,سطر,حد | سرا | صف,طابور
250,serve,servir,قَدَّم,VERB,خدم | ضيف,سربى | سيرفى | عمل | غرف | قرب,دنى | سكب
251,idea,idée,فِكْرَة,NOUN,ايدي | راي,اقتراح | رأي,شور
254,pay,payer,دَفَع,VERB,حاسب | خلص | سدد,تك | سلك,اوفى
257,there,là-bas,هُناكَ,ADV,غادي,الغادي | غاد | را,بهناك | تمة | ثما | غاديكا | غديكايا | منناك | هناكهو | تما | تماك | تمايا | مناك | هاناكه | هناكه | هنيكه
259,people,gens,ناس,NOUN,اهل | بشر | شعب | عالم,امم | اوادم | بن آدم | جماهير | جمهور | رجال | عرب | قوم | وادم,امة | جماعة | غاشي
260,subway,métro,مِتْرُو ال+ انَفَاق,NOUN,مترو | مترو الانفاق,قطار | قطار الانفاق,ترين | نفق
261,"baggage , luggage",bagage,مَتاع,NOUN,اغراض | شناطي | شنطة | شنط,باجاج | شحن | شناط | شنطاية | عفش | شوانيط,جنط | حقيبة | شواكيش | ساكوات
263,right,bon,صَحِيح,ADJ,صح,حقيقي | سي فري | عدل | كاين منها | مزيان | مضبوط,باهي
265,price tag,étiquette de prix,بِطاقَة ال+ سِعْر,NOUN,تسعيرة | سعر,بطاقة | تاج | تيكت السعر | تيكي | كرت | كرت السعر | لصقة السعر,تيكة | تيكت | علامة | كارت | لاصق | نمرة
266,put,mettre,وَضَع,VERB,حط,ترك | خلى | دخل | درب | دعا | طرح | فوت,ختى | ذب
268,aisle,couloir,مَمَرّ,NOUN,كولوار,ممشى,حجرة | كردور | مخطف | مزاز
270,wonder,demander,تَساءَل,VERB,استغرب,اتعجب | احتار | تحير | تعجب | عجب | فكر,استفسر | سأل حالو | سقصا
272,join,joindre,ٱِنْضَمّ,VERB,اشترك | دخل | لحق,التحق | انتمى | انخرط | جا | نخرط,دش | ولى
274,family,famille,أُسْرَة,NOUN,اهل | بيت | عائلة | عايلة | عيلة | فاميلية,اولاد | فاميلة | ناس البيت,آل | لافامي
275,building,bâtiment,مَبْنَى,NOUN,بناية | عمارة,بنا | بنيان | بنية,باتيمو | موبل
276,help,aide,مُساعَدَة,NOUN,تعاون | دعم | عون,خدمة | سند | عونة | عوين | مساندة | معاونة | معونة,جميلة | نجدة
277,what time,à quelle heure,مَتَى,ADV,الساعة كم,امتين | اي ساعة | ايا ساعة | ايمتين | على شحال الساعة | متين | وقت ايش | وقتاش | وقتيش,احين | الساعة قداش | ايحين | بتين | مقتاش
278,break,casser,كَسَر,VERB,خرب,صار رجيع | طق | فت | فتت | قسم,بوظ | حطم | دشدش | دقدق | شطف | طبش | طحبش | عطل | هرس | هشم
280,start,commencer,بَدَأ,VERB,ابتدا,بلش | شرع,ابتدى | باشر | بدع | كماصا | مبلش
281,send,envoyer,أَرْسَل,VERB,بعث | ودى,دز | وجه | وصل,صافط | طرش | غدى
283,ready,prêt,جاهِز,ADJ,حاضر | مستعد,خالص | متحضر | مجهز | واجد,بارز | متهيأ | مهيأ | واتي
284,dress,robe,فُسْتان,NOUN,ثوب | روبة,ثوب نسائي | دريس,بدلة | دهداشة | قفطان | كسوة | نفنوف
287,customs,douane,ال+ جَمارِك,NOUN,الجمارك | الجمرك | ديوانة,الجامارك | الرسوم | جمرك,التفتيش | لادوان
289,center,centre,مَرْكَز,NOUN,سنتر | قلب | نص | وسط,سونتر | محور | مقر | وسطة,فسط
290,prescription,ordonnance,رُوشِتَّة ، وصفة دواء,NOUN,وصفة,اردننس | راتشيتة | وصفة طبيب,اردوننس | تذكرة | ورقة الدوا
292,good,bon,جَيِّد,ADJ,تمام | جميل | حلو | زين | كويس | مليح,اوكي | بخير | ترتيب | خير | طيب | ظريف | عظيم | مزيان | ممتاز | منيح,باهر | باهي | بنين | روعة | سوى | يشهي | يهبل
294,do you mind,ça vous déranger,هَلْ تُمانِع,VERB,عندك مانع | لو سمحت | من فضلك,بالله عليك | تسمح | تمام معاك | عفوا | عندك مشكلة | كان ما تراش مانع | كان ما يقلقكش | لا مؤاخذة | لو تتكرم | معليش | ممكن | من رخصتك | نقدر,دتمانع | وخا
295,problem,problème,مُشْكِلَة,NOUN,اشكال,اشكالية | بروبلام | معضلة | ورطة,ازمة | بلشة | خازوق | سالفة | شغلانة | عضيلة
298,include,comprendre,شَمِل,VERB,اشتمل | دخل | ضم,اتضمن | احتوى | تضمن | حوى | داخل فيه | ضمن | فوت | في | فيه,ادرج | خشش
300,hot,chaud,ساخِن,ADJ,حار | حامي | نار,دافي | يحرق,ملهلب | يثور | يكوي
303,return,retour,عَوْدَة,NOUN,رجعة | رجوع,رتور | ردة | روتور | مرواح,اياب | جية | مرواحة
304,elevator,ascenseur,مِصْعَد,NOUN,اسنسور | اسنسير | اسانسير | سانسور,اصنصير | لفت,اصنصيل | صونصير
305,business,affaire,عَمَل,NOUN,بزنس | شغل | شغلة,افير | حاجة | شغلانة | صنعة | مشوار,تبزنيس | خدمة | مهمة
306,find,trouver,وَجَد,VERB,لقى | لقي,جبر | حصل | حصل على | دبر | شاف | لاقى,صاب | عثر
307,stop,arrêter,تَوَقَّف,VERB,بطل | حبس | وقف,اتعطل | انقطع | تعطل | عطل | فصل,امتنع | تبسمر | جمد | جنط
310,see,voir,رَأَى,VERB,شاف,ابصر | اتطلع | بحت | بص | طالع | عاين | لمح | ناظر | نظر,استضا | بصبص | بهت | تشاوف | حتر | رابى
311,suggest,suggérer,ٱِقْتَرَح,VERB,عرض,شاف | طرح | قال,بروبوزا | فرايي | وصى
312,floor,étage,طابِق,NOUN,دور,ايتاج,طاق
314,go,aller,ذَهَب,VERB,راح | طلع | مشى | مشي,تحرك | توكل | خرج | خطي | رحل | سار | فات | مر | نزل,انصرف | ضوى | ولى
317,keep,garder,ٱِحْتَفَظ,VERB,حافظ | حفظ | خلى | خلى عنده | ضم,احتافض ب+ | حافض على | حافظ على | خلى معه,بقى | جاردا | دعى
318,jacket,veste,سُتْرَة,NOUN,جاكت | جاكتة | جاكيت,بلوفر | فيستة | قميص,جاكة | قمصلة | كبوت | كبود | كوت
319,bring,apporter,أَحْضَر,VERB,جاب,ادي | جلب | نزل | هات,ادى
322,like,aimer,أَحَبّ,VERB,اعجب | حابب | عجب,بغى | هوى | هوي,اشتا | اشتي | انعجب | راد | رغب
323,ask,demander,سَأَل,VERB,طلب,استفسر | ناشد | نشد,سقسى
324,exchange,change,صَرْف,NOUN,تبديل,بدل | تحويل | تصريف | تغيير | شونج | مبادلة,مقايضة
326,rent,louer,ٱِسْتَأْجَر,VERB,اجر,اتأجر | كرى,ستقعد
327,departure,départ,مُغادَرَة,NOUN,انطلاق | خروج,خرجة | ديبار | ذهاب | رحيل | روحة | طلوع | مشي,انصراف | سيرة | شومة | طلعة | مرواح
332,box,boîte,صُنْدُوق,NOUN,كرتون | كرتونة,بوكس | حك | حكة | سحارة | علبة,باكو | بواطة | تنكة
334,work,travail,عَمَل,NOUN,دوام | شغل | شغلة,خدمة | موضوع | وظيفة,شغلانة | كد | مهرة | مهمة | مهنة
336,arrive,arriver,وَصَل,VERB,جا,اجى | جه | حل,تبادى
338,press,appuyer,ضَغَط,VERB,زر,برك | داس | عصر | كبس | نزل,اتك | تكى | سدك | فعص | هوس
340,follow,suivre,ٱِتَّبَع,VERB,تتبع | لحق | مشي ورا,راقب | طارد | قطر | لاحق | مشى ورا,ترصد | تعقب | تقفى | تلا | رافق
341,list,liste,قائِمَة,NOUN,جدول | كشف | لستة | ليستة | ليست,لائحة | لايحة,فهرس
343,exit,sortie,خُرُوج,NOUN,الخروج | مخرج | منفذ,طلعة | طلوع,صرفة
344,front,"en face de , face à",أَمام,NOUN,قبال | قدام | مقابل,قبالة | مقابيل | مقدمة | مواجه | واجهة,جدام | فالواجهة | فوش | قصاد
345,single,simple,مُفْرَد,ADJ,فردي | واحد | وحيد,اعزب | عازب | عزابي | فردة | فرودة,بروحه | فرداني | مفرداني
346,part,partie,جُزْء,NOUN,طرف | قسم,برت | حصة | سهم | شقفة | شوي | قطعة,حتة | شطفة | شوية | نتفة | نتيفة
347,use,utiliser,ٱِسْتَخْدَم,VERB,استعمل | خدم | شغل,استغل | اشتغل ب+,تعاطى | استفاد | ستعمل | وظف
349,drink,boisson,مَشْرُوب,NOUN,شراب,بواسون | شربة | عصير,قازوز | جرعة | حاجة نشربها
350,great,génial,عَظِيم,ADJ,حلو | رائع | رهيب | كبير | ممتاز | مهم,جبار | جميل | جيد | خطير | روعة | زين | شديد | شي كبير | ضخم | كلش زين | واعر,آفة | جسيم | داهية | موش نرمال | هايل
351,drop,tomber,سَقَط,VERB,طاح | نزل | وقع,انفلت | تفلت | طب | فلت | كت | هبط,اتدرب | انحدر | انسلخ | انكب | انكت | طبش | كب | نطل | نكع | وطي
352,happen,passer,حَدَث,VERB,جرى | حصل | صار | وقع,صرى | طرا | طرى,استوى | جرا | داز | صاب
353,change,monnaie,فَكَّة,NOUN,صرف,تبديل | خردة | صرافة | فلوس,فراطة
355,fill,remplir,مَلَأ,VERB,ترا | عبا | عمر,حشا | عبى فل | فول,ترس
356,ticket,billet,تَذْكَرَة,NOUN,تكت,بطاقة | بطاقة دخول | تيكي | تيكا,بيي | تسكرة
357,other,autre,أُخْرَى,ADJ,ثاني | غير,باقي | تاني | واحد آخر | واحد اخرى,راخر | لاخ | لخ
360,have,devoir,ٱِضْطَرّ,VERB,كان لازم,التزم | انجبر | تحتم عليه | كان خاصه | لزم,تلز
361,by the way,au fait,بِ+ ال+ مُناسَبَة,NOUN,بالمناسبة | على فكرة,ترى | حقه | حقا | حقة | على العموم,لعلمك
362,how much,combien,كَمْ,ADV,قديش,اشكثر | بكام | بكم | شقد | شكثر | قداش | قدر شنو,اببيش | بشكم | بقداش | بايش | شحال
364,"afternoon , p.m.",après-midi,بَعْد ال+ ظُهْر,NOUN,العصر | بعد الظهر | عصر | عصرية,ابري ميدي | الظهر | العصرية | بعد الاول | بعد الغدا | ظهر | عشية | قبل المغرب | مغرب | مور الظهر | مور العصر | ورا الظهر,ظهرية
366,order,commander,طَلَب,VERB,امر,كلف | كماندا | كمند | وكل,فوض
367,information,information,ٱِسْتِعْلامات,NOUN,معلومات,استعلام | معلومة,انفو
368,full,complet,كامِل,ADJ,تام | فل | مليان,كله | ملان | ممتلي | مملي,بالتمام والكمال | بكله | تارس | طافح | كمبليه | متروس | معبا | معبي | مقبط
369,finish,finir,ٱِنْتَهَى,VERB,اكتمل | ختم | خلاص | خلص | فنش | كمل | نهى,انهى | تم | حسم | عبر | قضى,استنفذ | انعدم | سالا | وفى
371,moment,moment,لَحْظَة,NOUN,دقيقة,شوي | شوية | مومون | وقت,ثانية | نوبة | ومية | وهلة
372,time,temps,وَقْت,NOUN,توقيت | حين | زمن,زمان | ساعة | عهد | فترة | مدة,اوان
373,know,"savoir , connaître",عَرَف,VERB,درى | دري,استعلم | سمع | علم | على باله,استخبر
374,do,faire,فَعَل ، قام بِ+,ADP,دار | سوى | عمل | نفذ,اشتغل | دير | ساوى | صنع | قام | قام يسوي | قد,سبر
381,food,cuisine,طَعام,NOUN,اكل | زاد | قوت | وكل,اكال | غذاء | ماكلة | مكلة,طياب | لقمة
382,leave,partir,غادَر,VERB,ترك | خرج | راح | روح | طلع | مشى | مشي,ذهب | سار | فات,ضهر | عدى | مرق | هج | ولى
383,"too , also",aussi,أَيْضاً,ADV,برضو | تاني | حتى | كمان,بعد | ثاني | تى | هم | والكل,زادا | مام | نوبه | همات | همين
384,last,dernier,ماضِي,ADJ,آخر | اخر | اخير | اللي راح | اللي فات | فات,اللي مضى | سابق | فايت,اخراني | تيلاني | داز
386,need,falloir,ٱِحْتاج,VERB,لزم,اعتاز | تطلب | حاجته | طلب | عاز | كان لازمه | كان محتاج | كان يبغى له | كان يبي له | لازم له,اتحوج | استدعى | انحوج | بغى | معتاز
387,money,argent,نُقود,NOUN,فلوس | كاش | مال | مبلغ,بيس,بيزات | حنينات | دراهم | زلط | عملة | غوازي | فكة | قروش | مصاري | مصرات
389,lady,dame,سَيِّدَة,NOUN,ست | مادام | مرة,آنسة | امي | مدموزيل | مرأة,استاذة | حرمة | خالة | سنيورة | عمة | للا | هانم | ولية
390,style,style,طِراز,NOUN,اسلوب | ستايل | ستيل | شكل | موديل | نوع,موضة | نمط,صورة | صيغة | طريقة
391,pharmacy,pharmacie,صَيْدَلِيَّة,NOUN,فارمسي,فارماسي,اجزاخانة | سبيسارية | فارمسيان | فارمشيا
392,report,rapport,تَقْرِير,NOUN,رابور | كشف,بلاغ | بيان | محضر,نبأ
394,enjoy,apprécier,ٱِسْتَمْتَع,VERB,اتمتع | انبسط | تمتع | تونس | فرفش | كيف,اتبسط | اتكيف | اتلذذ | اتونس | ارتاح | تبرع | عاش | عيش حياتك | فرح,اتنعم | استانس | افتهن | ترفه | زهى | سلي
395,person,personne,شَخْص,NOUN,احد | انسان | انسي | حد | حدا | عبد | فرد | مخلوق | نفر | واحد,ابن آدم | رجال | زول,حدن | نسمة
399,way,chemin,طَرِيق,NOUN,درب | سبيل | شارع,خط | سكة | مسار,ثنية | حارة | زاروب | زاروبة | طريج | مجرى | مسرب | مسلك | ممر
400,turn,tourner,ٱِتَّجَه,VERB,دار | دور | لف,اخذ | افتر | التفت | برم | تحول | حول | دخل | راح | رجع | فر,احترف | اعتصر | انعطف | حود
401,glass,verre,كُوب,NOUN,كاس | كاسة,فنجان | قلاص | قلص,جلاص | قزاز | لامبة | مقة
402,"then , so","alors , donc",إِذَنْ ، فَ+,CCONJ,بعدين | طب | طيب,اذا | امالا | انزين | ايوه | تو | خلاف | زين | عجل | كان | كان كده | مالا | ياخي | يالله,امبعد | بعدا | صفي | عب | لعد | نزين
405,show me,montres moi,أرِ +نِي,PRON,بين لي | راويني | وريني,اشوف | اظهر لي | اعرض لي | اكشف لي | دلني | راوني | رويني | شوفني | ظهر لي | فرجني | فرجيني | ورني,ارجيني | ورجيني
406,work,"marcher , travailler",عَمِل,VERB,اشتغل | خدم,تعب | داوم | طبق | مارس,اتمهر | توظف | كد
407,call,"appeler , rappeler",ٱِتَّصَل,VERB,طلب | كلم,تلفن | تيليفونا | خابر | دق | دور | رن | ضرب | نهم,حكى تيليفون | زعق | زهم | عيط | نادى
410,let,laisser,دَعّ,VERB,اترك | اسمح | خلي | هد,اتريك | اسماح | خل | خلى | سيب,دخلي | فلت
412,tonight,ce soir,ال+ لَيْلَة,NOUN,الليلة,الليلة بالليل | المسا | اليوم بالليل | اليوم فالليل | بالليل | فالليل,العشي | العشية | الليلة بالمسا | فليل | مسويات
414,discount,remise,خَصْم,NOUN,تخفيض | تخفيضات | رميز,تنزيل | تنزيلات | حسم | دسكاونت,اوكازيون | ارونجمون | بروموسيون
415,kind,genre,نَوْع,NOUN,جنس | صنف | موديل,شكل | طراز | مودل,زنس | صيغة | قالب | نمط | نمونة
419,come,venir,أَتَى ، حَضَر ، جاء,VERB,اقبل | شرف | وصل,تفضل | جه,طل | مرق
420,think,croire,ٱِعْتَقَد,VERB,اتصور | افتكر | تصور | حسب | شاف | ظن | فكر,حساب له | خمم | خيل | سحاب له | شبه | عن باله | كان قايل,رأى | ضن | عباله | مخمخ
422,"store , shop",magasin,مَتْجَر ، مَحَلّ,NOUN,دكان | دكانة | ستور,بوتيك | تكان | حانوت | حنوت | سوق,برادات | مجزان | مخزن
423,"just , only",seulement,فَقَط,ADV,بس,برك | بركة | غير | هذا مكان,اكهو
424,large,grand,كَبِير,ADJ,ضخم | واسع,عظيم | عود | وسيع,شحط | كبران
425,"have , get",avoir,حَصَل,VERB,اخذ | امتلك | جاب | دبر | عند | ملك,اتملك | اخذا | جا ل+ه | حصل على | كان | كان عنده | معه | نال,احتكم | حاز
426,make a call,passer un appel,أَجْرَى مُكالَمَة,NOUN,اتصل | خابر | طلب | كلم,تاصل | تصل | تلفن | تيليفونا | دار مكالمة | دق | دور | سوى اتصال | ضرب,حكى تيليفون | رن تيليفون | زهم | سوى مكالمة | عيط
427,tell,indiquer,أَخْبَر,VERB,بلغ | حكى | حكي | قال | قول | كلم,حاكى | حدث | روى | سرد | قص | وصل,اعطى المعلومة | درى | نبا | هارج
428,check,vérifier,فَحَص,VERB,تحقق | تشك | تشيك | تفقد | راجع | شاف | شيك | كشف,اتأكد | اتفحص | تأكد | تفحص | حقق | شافها اخرى | قلب,تمم | رابى | فتش | فريفيا
429,"stay , remain",rester,مَكَث,VERB,بقى | بقي | جلس | سكن | ظل | فضل | قعد,اقام | بات | بيت | تبقى | تم | ضل | عاش | نزل,استنى
430,beautiful,beau,جَمِيل,ADJ,حالي | حلو | حليوة | شباب | وسيم,زوين | زين | سمح | شابة | مزيان,زاز | غاوي | قنين | مرتب | يهبل
432,please,"s' il vous plait , veuillez",مِن فَضْل +ك,PRON,بعد اذنك | رجاء | لطفا | لو سمحت | من فضلك,اذا بتريد | اذا تكرمت | اذا ما عليك امر | اذا ما فيها كلافة | ارجوك | ارجو المعذرة | تعيش | عشت | عليك الله | عيشك | من رخصتك | يعيشك,اترجاك | الشيمة | عافاك | قوا
433,have,avoir,لَدَى,NOUN,عند | عنده | مع,عد | ل+ | معه,بطرف | بيملك
435,excuse me,excuser moi,ال+ مَعْذِرَة,NOUN,اسمح لي | العفو | سامحني | سوري | عفوا | لا مؤاخذة | لو سمحت | معليش,اذا بتريد | اذا سمحت | سمحوا لي | معلش,آسف | اعذرني | السموحة | المعذرة | مسامحة | معلهش
436,sorry,désoler,آسِف,NOUN,اسمح لي | سامحني | سوري | لا مؤاخذة | متأسف | معليش,العفو | عذرا | عفوا | معلش,اعذرني | المعذرة | باعتذر | معلهش
437,today,aujourd'hui,ال+ يَوْم,NOUN,اليوم,النهار ده | ذا اليوم,الليلة | هليوم
438,now,maintenant,ال+ آن,NOUN,الحين,احين | تو | تو تو | توا | دابا | درك | دلوقتي | دوب | ذا الحين | هسا | هسع,اسا | الآن | حسع | حسه | حسي | دحين | دلوقت | ذاحين | ذحين | ذلحين | سا | هلقيت | هالثانية | هلئيتي | هلق
439,very,très,جِدّاً ، ل+ ال+ غاية,NOUN,قوي,برشا | بزاف | بكل | شديد | كثير | كلش | مرة,خيرات | عللخر
440,well,eh bien,حَسَناً,NOUN,تمام | زين | طيب | كويس,الحمد لالله | اه | اوكي | ايوه | جيد | حاضر | حلو | صار | ماشي | نزين,باهي | معله | مليح
442,ah!,ah!,أَه!,INTJ,او | اي,اح | اخ,آح | ياح
444,is ... true ?,est -ce que ... ?,هَلْ ... ؟ ، أَ+ ... ؟,PART ... ?,صدق | هل,آه ولا لا | بالحق | جا ما | جد | حقيقي | صادق | صحي | صحيح | صحيح انه | صدك | عن جد | من جد | هاذا صدق | هاذي صدق | هو,اسكو | زعمك | يندرى
445,"could you ... ? , can you ... ?",peux -tu ... ?,هَل يُمكِنُ +كَ أن ... ؟,SCONJ ... ?,تقدر | ممكن,تستر | تسمح | تقدر تسوي | عفوا | عليك الله | فيك | لو سمحت | معليش | هل تقدر | هل ممكن | يصير | ينفع,اسكه | بتقدر | تنجم | ميسالش | وخا
447,duty-free,hors taxe,مُعْفَى مِن ال+ جُمْرُك,NOUN,بدون جمارك | دوتي فري | ما عليه جمارك | معفي من الجمرك,بدون ضرايب | من غير جمارك | من غير جمرك | من غير خلاص ديوانة | من غير ضرايب,اور تاكس | معفي مالجمرك
449,good evening,bonsoir,مَساء ال+ خَيْر,NOUN,مساكم الله بالخير | مسا الخير | مساء الخير,السلام عليكم | سلام | مساك الله بالخير | مساء النور,ليلتك زينة
451,few,quelque,بِضْع,DET,بعض | شوي | شوية | كم,شوية برك | قليل,حبة | شوية بركة | كمشة | كمين
452,in front,devant,أَمام,NOUN,قدام,تجاه | قبال | قبل | مقابل,فالوجه | مقابيل
453,hello,bonjour,مَرْحَباً,NOUN,السلام عليكم | اهلا | سلام | سلام عليكم | هلا,اهلا بك | اهلا وسهلا | حيا | حياك الله | حياكم الله | خير | عالسلامة,ازايك | اهلين | خيرات | سعيدة | عالعافية | مرحبتين
455,how much,combien,بِ+ كَمْ,ADV,بكم | قداش | قديش | كم,بقديش | بقداش | بكام | بشقد | شكثر | شقد | كام,بشحال | بشكثر | بشكم | بايش | شحال | قديه
457,most,la plupart,مُعْظَم ، أَغْلَب,DET,اكثر,اكثرية | الاغلبية | الغالبية,لابلوبار
459,not,ne pas,لا,PART,#+ش | ما | مش | مو | مي,م+ | مانيب | ما عد | ماش | ماشي | موب | موش,لع
463,oh!,oh!,أَه!,INTJ,او,اوف | ايوا | ول | وي | يا | يو,اوب
464,okay,ok,حَسَناً,NOUN,اوكي | تمام | حاضر | طيب | ماشي,ابشر | ان شاء الله | انزين | اوكيه | ايه | تم | تيه قبل تيه | خلاص | خوش | زين | عيوني | فوق عيني وراسي | كويس | ما عليه | ولا يهمك,اوبا | ايوة | باهي | تفاهمنا | داكور | سوى | صحة | معليه | ميسالش | وخا
465,go out,sortir,خَرَج,NOUN,طلع,راح | مشى,ضوي | طش | مرق | مشا | ندر
466,"pardon , excuse me",pardon,عَفْواً,NOUN,اسمح لي | العفو | عن اذنك | لو سمحت,بعد اذنك | خرج | سامحني | سمح | عذرا | معليش | من فضلك,اعذرني | السموحة | المعذرة | كيفاش | كيفاه | مسامحة | وشنو
467,percent,pour cent,بِ+ ال+ مِئَة,NOUN,بالمية | في المية,بالمئة | فالمية | فى المية | في المئة,بورسن | نسبة
469,someone,quelqu'un,شَخْص ما,PRON,احد | حد | حدا | شخص | فد واحد | واحد,اكو واحد | بني آدم | زول | شي حد | شي واحد | فلان | كاش واحد,حدن
470,such,tel que,مِثْل,NOUN,زي | كيما | نفس,شبه | كان | كما | كيف,سع | سعما | فحال
472,get up,se lever,ٱِسْتَيْقَظ,VERB,صحي | فاق | قام | قعد,صحى | فز | ناض | وعي,صبي | كعد | نهض
473,what,quoi,ماذا,PRON,اش | ايش | شنو | شني,اشنو | اشو | ايشو | ايه | ش+ | شلون | شنهو | شنهي | شنيا | شو | ما | ما هو | مو | واش | وش | وشو | ويش,آش | ايشه | شنوا | وشهو
475,which,quel,أَيّ,PRON,انهي | اي,اللي | انا | انهو | انو | اني | ايا | اينا | شكون | هين,اية | اينوه | اينيه | ياتو
476,"will , shall",aller,سَوْفَ ، سَ+,PART,ح+ | راح | رح | ه+,ب+ | باش | ش+ | ع+ | عد | غ+ | غادي | ن+,بش | تاو
477,wow,wouaou,واو,NOUN,الله | او | ما شاء الله | واو | يا سلام,بالله | هو | وه | يا زينه | يو,اوو | ياي | يوه
478,"yes , yeah","oui , ouais",نَعَم ، أَجَل,INTJ,آه | اي | ايه | ايوه | ها | هيوا,اوكي | تمام | سم | هيه,آي | ايوة | باهي
490,eleven,onze,أَحَد عَشَر,NUM,احدعش,احدعشر | اهدعش | حداعش | حدعشر | هدعش,ادعش | ايدعش | ايدعشر | حدعشن | هداعش | هدعشر | اهدعشر | احدعشن
491,twelve,douze,إثْنَا عَشَر,NUM,اثنعش | اثنعشر,اثناعش,اثنعشن
492,thirteen,treize,ثَلاثَة عَشَر,NUM,ثلاثتعش,ثلاثتعشر | ثلثتعش,ثلاثتعشن
494,fifteen,quinze,خَمْسَة عَشَر,NUM,خمستعش,خمستاعش | خمستعشر,خمستعشن
495,sixteen,seize,سِتَّة عَشَر,NUM,ستتعش,ستتاعش | ستتعشر,ستتعشن
496,seventeen,dix-sept,سَبْعَة عَشَر,NUM,سبعتعش,سبعتاعش | سبعتعشر,سبعتعشن
497,eighteen,dix-huit,ثَمانِيَة عَشَر,NUM,ثمانتعش | ثمانتعشر | ثمنتعش,ثمانتاعش | ثمنتعشر,ثمانتعشل | ثمانتعشن | ثمنتعشن
498,nineteen,dix-neuf,تِسْعَة عَشَر,NUM,تسعتعش,تسعتاعش | تسعتعشر,تسعتعشن
533,eleventh,onzième,ال+ حادِي عَشَر,NUM,الحادي عشر | الحدعش,احدعش | الاحدعش | الاهدعش | الحادعش | الحداعش | اونزيام,الادعش | الحدعشر | الهداعش | الهدعش | حدعشر
535,thirteenth,treizième,ال+ ثالِث عَشَر,NUM,الثالث عشر,الثلاثتاعش | الثلاثتعش | ثلاثتعش,الثلاثتعشر | ثلاثتعشر
536,fourteenth,quatorzième,ال+ رابِع عَشَر,NUM,اربعتعش | الرابع عشر,الاربعتاعش | الاربعتعش | رابع عشر,الاربعتعشر
537,fifteenth,quinzième,ال+ خامِس عَشَر,NUM,خامس عشر | خمستعش,الخامس عشر | الخمستاعش | الخمستعش,الخمستعشر | خمستعشر
538,sixteenth,seizième,ال+ سادِس عَشَر,NUM,السادس عشر | الستتعش,الستتاعش | ستتعش,الستتعشر | ستتعشر
539,seventeenth,dix-septième,ال+ سابِع عَشَر,NUM,السابع عشر | سبعتعش,السبعتاعش | السبعتعش,السبعتعشر
540,eighteenth,dix-huitième,ال+ ثامِن عَشَر,NUM,الثامن عشر,الثمانتاعش | الثمانتعش | الثمنتعش | ثمانتعش | ثمنتعش,الثمانتعشر | ثمانتعشر
541,nineteenth,dix-neuvième,ال+ تاسِع عَشَر,NUM,التاسع عشر,التسعتاعش | التسعتعش | التسعتعشر | تسعتعش,التستعتعش | تسعتعشر
571,about,environ,حَوالَي,NOUN,تقريبا | قريب,تقريب | حسب التقريب | زي | على | في حدود | قرابة | مال | مع,ابوبري | علاين | هاكاك | هاكذاك
573,across,de l' autre côté,فِي ال+ جانِب ال+ آخَر,ADJ,مقابل,بالجهة الثانية | عبر | فالجانب الثاني | فالجهة الثاني | فالصوب الثاني | في الجهة الثانية | في الناحية الثانية | قبال | من الجهة الثانية | من الناحية الثانية,بالصفحة الثانية | فالجهة الاخرى | مالجهة الاخرى | مقابيل
579,then,ensuite,ثُمَّ,CCONJ,بعدين | ف+ | وبعدين,بعد | بعد كده | بعدا | خلاف | من بعد | من ثم,ابري | اومبعد | فبعدين
580,another,autre,آخَر,ADJ,ثاني | غير,كمان | وحد آخر,اللخر | اللخري | راخر
581,around,vers,حَوالَي ، حَول,NOUN,تقريبا | جنب | قرب | قريب,تقريب | جويه | حذا | حسب التقريب | صوب | عند | في حدود | قرابة,بحدود | تلى | جيهة | علاين
582,as,comme,كَ+,ADP,زي | كما | كيما | مثل,كنه | كيف,سع | سعما | فحال
583,at,à,فِي,ADP,ب+,على | عند,الساعة
584,at,chez,عِنْد,NOUN,في,جنب | حدا | عد | ف+,بحذا | حذا
585,because,parce que,لِ+ أَنَّ,SCONJ,بسبب | عشان | على خاطر | لان | لانه,خاطر | علىشان | كون | لاجل | من شان,بارسكو | حيت | مشان
587,behind,derrière,خَلْف,NOUN,ورا,بعد,مور
588,beside,près,جِوار,NOUN,جنب | عند | يم,حد | حدا | حذا | قدام | قريب,اكوتي | بجنب | بحذا | بصف | بطرف | تلا | عدال
590,but,mais,لٰكِنْ,CCONJ,بس | لكن | ولكن,اللهم ان | اما | مي,بصح
592,during,pendant,خِلال,NOUN,اثناء | لما | وقت,بين ما | طول | على بين | ف+ | في | في الوقت داك | في فترة | لمن | و+ | وقت اللي | يوم,بوندون | فوقت
595,except,sauf,عَدا,VERB,الا | ما عدا,بس | غير | كان | من غير,منعدا
596,for,pour,لِ+ ، مِن أَجْل,NOUN,عشان | مال,ح+ | حال | حق | علىشان,منشان
600,inside,à l' intérieur,داخِل,NOUN,الداخل | جوا,بقلب | بين | جوات | جوة | في,فوسط
601,like,comme,مِثْل,NOUN,زي | كما | كي | كيف | كيما,بحال | شبه | نفس,سع | سعما | فحال
602,near,près,قُرْب,NOUN,جنب | عند,حد | حذا | صوب | قدام | يم,اكوتي | بجنب | بحذا | بلزق | تلاوي | عدال | ناحية
604,no,non,كَلّا,INTJ,لأ | لا | لا لا,جاي | ما شي | ماشي | مع,لع | هائه
606,take off,baisser le prix,خَصَم,NOUN,خفض | نقص,اعطى خصم | تخفيض | حول | خفف الثامان | ساعدني | شال | قلل | نزل | نقص الثامان,رخص | صولدا | نحى | هبط السومة
609,outside,à l' extérieur,خارِج,NOUN,برا | برات | برة,البرا,برع
611,"plus , in addition to",en plus de,إِضافَة إِلَى,ADP,كمان,ازيد | اون بلوس | بالاضافة الى | بالاضافة ل+ | زائد | زايد | زيادة | زيادة عن | زيد | فوق هاد | فوق هاذ | فوق هذا | فوق هيك | مع | هم | وكمان,ازيد بزيادة | بالاضافة | زيادة عهيك | همات
613,some,"du , quelque",بَعْض,NOUN,شوي | شوية | شي,حد | قسم,حبة | كالك | كمشة | نتفة
616,"go through , cross",passer,عَبَر,VERB,قص | قطع,تعدى | جاز | سلك | عدى | مر,تخطى | داز | مرق
617,"till , until",jusque,حَتَّى,ADP,ل+ | لحد | لين,الى | الى ان | الين | لعند | لي,لبين | لحتى | لاما | لحين | لوما
619,toward,vers,ٱِتِّجاه,NOUN,باتجاه | جهة | صوب,جهة تاع | جيهة | في طريق | ل+ | ناح | ناحية,بجهة | فير
622,while,pendant,أَثْناءَ,NOUN,خلال | لما | و+ | وقت,ف+ | كي كان | لمن | يوم,بوندون
625,without,sans,دُون,NOUN,بدون | من دون | من غير,بلا | بلاش,مبلا
628,mine,"le mien , la mienne , les miens , les miennes",لِ +ي,PRON,تبعي | حقي | مالي,بتاعي | بو حالي | حالي | ديالي,تاعي | مالتي | متاعي
630,myself,moi-même,نَفْس +ِي,PRON,ذاتي | روحي,انا بايدي | حالي | ذات نفسي | راسي | وحدي,نيت
635,our,nôtre,لَ +نا,PRON,النا | حقنا | لنا | مالنا,بو حالنا | حالنا,بتاعنا | تاعنا | تبعنا | ديالنا | مالتنا | متاعنا
636,ourselves,nous-même,أنْفُسِ +نا,PRON,انفسنا | روحنا | نفسنا,احنا بايدنا | ايدينا | حالنا | ذاتنا | راسنا,بروحنا | رواحتينا | نيت | وحدنا
641,yours,"le tien , la tienne , les tiens , les tiennes",لَ +كَ,PRON,الك | حقك | لك,بو حالك | حالك | مالك,تاعك | تبعك | ديالك | لالك | متاعك
642,yourself,toi-même,نَفْس +كَ,PRON,ذاتك | روحك | نفسك,انت | انتي | انتي بيدك | حالك | راسك | وحدك,نيت
647,yours,"le tien , la tienne , les tiens , les tiennes",لَ +كِ,PRON,الك | حقك | لك | لكي,بو حالش,الج | الكي | تاعك | تبعش | تبعك | حالش | حقش | ديالك | لالك | لالكي | مالش | متاعك
648,yourself,toi-même,نَفْس +كِ,PRON,ذاتك | روحك | نفسك,انتي | انتي بيدك | انتي ذاتك | حالك | راسك | نفسكي,ذاتكي | روحش | نفسج | نفسش | نيت | وحدش
649,you,vous,أَنْتُما,PRON,انتو,انتم الاثنين | انتم ثنيناتكم | انتن | انتو الاثنين | انتوا,ثنينكم | نتن
652,yours,"la vôtre , le vôtre , les vôtres",لَ +كُما,PRON,الكم | حقكم | لكم,#+كن | الكن | بو حالكم | بو حالكن | بو حلكن | جن | حقكم الاثنين | كم | مالكم,الكو | تاعكم | تبعكم | تبعكن | حالكم | حالكن | حقكن | حلكن | ديالكم | لكو | لالكو | لجن | مالكن | متاعكم | متاعكن
653,yourself,vous-même,نَفْس +كُما,PRON,انفسكم | نفسكم,انتو الاثنين | انتو الاثنين ذاتكم | انتو ذاتكم | انفسكن | روحكم | نفسكم ثنينكم | نفسكن | نفسكو,بايدكم | حالكم | ذاتكم | ذاتكن | ذاتكو | راسكم | روحكن | نفسجن ثنينجن | نيت | وحدكم | وحدكن
657,yours,"la vôtre , le vôtre , les vôtres",لَ +كُم,PRON,الكم | حقكم | لكم,بو حالكم | مالكم,الكن | الكو | تاعكم | تبعكم | حالكم | ديالكم | لكو | لالكم | لالكو | مالتكم | متاعكم
658,yourself,vous-même,نَفْس +كُم,PRON,انفسكم | نفسكم,انتو ذاتكم | روحكم | نفسكو,بايدكم | حالكم | ذاتكم | ذاتكن | ذاتكو | راسكم | نفسكن | نيت | وحدكم
662,yours,"la vôtre , le vôtre , les vôtres",لَ +كُنَّ,PRON,الكم | حقكم | لكم,الجن | الكن | بو حالكن | بو حلكن | حقكن | مالكم,الكو | بتاعكم | تاعكم | تبعكم | تبعكن | حالكن | حلكن | ديالكم | لكو | مالجن | مالكن | مالتكن | متاعكم
663,yourself,vous-même,نَفْس +كُنَّ,PRON,انفسكم | نفسكم,انتو ذاتكم | انتوما نفسكم | انفسكن | روحكم | نفسكن | نفسكو | نفسيكم | نفسيكو,انتوما بايدكم | بروحكم | حالكم | ذاتكن | ذاتكو | راسكم | روحكن | نفسجن | نيت | وحدكن
668,his,"le sien , la sienne , les siens , les siennes",لَ +هُ,PRON,اله | حقه | له | ماله,بو حاله | بو حله | حاله,تاعه | تبعه | دياله | لاله | مالته | متاعه
669,himself,lui-même,نَفْس +هُ,PRON,روحه | نفسه,ذاته | راسه | هو ذاته | وحده,بايده | نيت
674,hers,"le sien , la sienne , les siens , les siennes",لَ +ها,PRON,#+ها | الها | حقها | لها,الا | حالها | مالها,تاعها | تبعها | ديالها | مالتها
675,herself,lui-même,نَفْس +ها,PRON,روحها | نفسها,#+ها | حالها | ذاتها | راسها | نفسهم | هي ذاتها | وحدها,بايدها | ذاتا | نيت
676,they,ils,هُما,PRON,هن,هنا,هنن
680,theirs,"la leur , le leur , les leurs",لَ +هُما,PRON,الهم | حقهم | لهم,الهن | بو حالهم | بو حلهم | حالهم | مالهم,تاعهم | تبعهم | تبعهن | حقهن | ديالهم | لالهم | متاعهم
681,themselves,eux-même,نَفْس +هُما,PRON,انفسهم | نفسهم,انفسهن | حالهم | راسهم | روحهم | نفسهن | هم ذاتهم | وحدهم,بايدهم | ذاتهن | نيت
686,theirs,"la leur , le leur , les leurs",لَ +هُم,PRON,الهم | حقهم | لهم | مالهم,بو حالهم | بو حلهم | تبعهم | حالهم,الهن | تاعهم | حلهم | ديالهم | مالتهم | متاعهم
687,themselves,eux-même,نَفْس +هُم,PRON,انفسهم | نفسهم,حالهم | راسهم | روحهم | هم ذاتهم | وحدهم,ذاتهن | نفسهن | نيت | هوما بيدهم
688,they,elles,هُنَّ,PRON,#+هم | هم,هوما,هنن | هنه | هومايا
692,theirs,"la leur , le leur , les leurs",لَ +هُنَّ,PRON,الهم | حقهم | لهم,الهن | بو حالهن | بو حلهن | حقهن | مالهن,تاعهم | تبعهن | حالهن | حلهن | ديالهم | مالتهن | متاعهم
693,themselves,eux -même,نَفْس +هُنَّ,PRON,انفسهم | انفسهن | نفسهم | نفسهن,حالهم | راسهم | روحهم | هم ذاتهم | هن ذاتهن,بايدهم | ذاتهن | روحهن | نيت | وحدهن
694,this,"ce , cet , ceci",هٰذا,DET,ده | هاد | هاذا | هذا,ذا | ذي | ه+ | هادا | هاذ | هذي | هيدا,دكها | دهو | دهون | ذيه
695,this,"cette , celle -ci",هٰذِهِ,DET,دي | هادي | هاذي,ديه | ذي | ه+ | هاذه | هاي | هذهي | هذي | هي | هيدي,تيه | دهي | دهين
696,these two,ces deux -là,هٰذانِ,DET,هذول,دول | ديل الاثنين | ه+ | هاذلا الاثنين | هاذولا الاثنين | هدول | هذولا | هذولا الاثنين | هذولي | هذيلا | هول | هولا الاثنين,اذمكا | اذوكا | اذومكا | دولا | دوليك | ذولي | ذيلا | ذيلن | هادو بجوج | هاذو | هاذوما | هذمكا | هذوكا | هذوليك | هذومكا | هذين
697,these two,ces deux -là,هاتانِ,DET,هذول,دول | ديل الاثنين | ه+ | هاد الجوج | هاذلا الثنتين | هاذولا الثنتين | هاذيلا | هدول | هدولا الثنتين | هذولا | هذولا الثنتين | هول | هولا الثنتين,اذمكا | اذوكا | اذومكا | دولا | دوليك | ذولي | ذيلا | ذيلن | هادو | هادو بجوج | هاذو | هاذوما | هذمكا | هذن | هذني | هذوكا | هذوليك | هذومكا | هذين
698,these,"ces , ceux -ci",هٰؤُلاءِ,DET,هذول | هذولا,دول | ديل | ه+ | هاذولا | هاذيلا | هدول | هذولي | هول | هولا,اذمكا | اذوكا | اذومكا | دولا | دوليك | ذولي | ذيلا | ذيلن | ذيلوه | هادو | هاذلا | هاذو | هذمكا | هذوكا | هذوليك | هذومكا | هذين
699,that,"cela , celui -là",ذٰلِكَ,DET,ذاك | هاذاك | هداك | هذاك,داك | ده | ديك | ذاكا | ذيك | ه+ | هادك | هاذك | هذاكا | هذك | هيداك,دهو | دهون
700,that,"cela , celle -là",تلْكَ,DET,هاذيك | هذاك | هذيك,دي | ديك | ديكا | ديه | ذيك | ه+ | هادك | هاذك | هاذي | هاي | هديك | هذك | هذيكا | هيداك,تيك | دهي | دهين | هاية
703,what,que,ماذا,PRON,اش | اشنو | ايش | ايه | ش+ | شنو | شو | واش | ويش,شني | شنيا | ما | وش | وشنو,آش | شنوا | شنوما | موه | وشوه
704,what,que,ما,PRON,اش | اشنو | ايش | ايه | ش+ | شنو | شو | واش | ويش,شنيا | وش,آش | شنوا | شنوما | موه | وشوه
709,there is not ...,il n' y a pas,لَيْسَ هُنالِكَ ، لَيْسَ ثَمَّةَ ، لَيْسَ هُناكَ,ADV,مافيه | مافيهش,ما شي هناك | ماشي | ماكو,فش | مفماش | مكاش | مكانش | مكاينش | مابهش
710,fare,tarif,أُجْرَة,NOUN,سعر,حساب | حق | رسوم | سوم | سومة | طريفة,طاريف | كروة | نول
714,black,noir,أَسْوَد,ADJ,اخضر,ازرق | اسمر | اكحل | كحل | نوار,شوشان
715,shoot,tirer,أَطْلَق,VERB,رمى | رمي | شات | ضرب | طخ,طق | كون,تيرا | ثور | جبد | حدف | خبط | زت | شاط | قوص | كب
717,declare,déclarer,أَعْلَن,VERB,اشهر | بين | صرح | قال,ديكلارا | ذاع,روج
719,mother,mère,أُمّ,NOUN,ماما | والدة,اميمة | مامة,اماه | ماين
720,son,fils,ٱِبْن,NOUN,عيل | ولد | وليد,جاهل | صغير | طفل | ود,ضنى
722,listen,écouter,ٱِسْتَمَع,VERB,سمع,اتسمع | اتصنت,تنصت
726,signal,feu,إِشارَة,NOUN,فو,اشارة مرور | علامة,ايعاز | سيمافرو | سينيال | ضو | لافتة
727,extra,supplémentaire,إِضافِيّ,ADJ,زايد | زيادة,احتياط,بزايد
728,tire,pneu,إِطار,NOUN,تاير | عجل | عجلة,بنو | كفر,استبني | دولاب | رودة | رويدة | كاوتش | لستك
733,exchange,échanger,بَدَّل,VERB,تبادل | حول | صرف | غير,فك,قايض
735,simple,simple,بَسِيط,ADJ,ساهل | سهل | عادي | هين,سامبل | هوين | يسير,ايزي | بديهي | بصيط
740,ski,ski,تَزَلُّج,NOUN,سكي,اتزحلق | تزحلق,تزحلاق | زحلقة
742,shopping,shopping,تَسَوُّق,NOUN,شرا,شوبينغ,اتبضع | تبضع | تقضية | تمهار | شوبين | شوبينق | قضيان
745,tv,télé,تِلْفِزيُون,NOUN,تي في,تلفزة,لاتيلي
749,timetable,horaire,جَدْوَل,NOUN,وقت,جدول مواعيد,ساعة
752,shrimp,crevette,جَمْبَرِيّ,NOUN,كروفات,ربيان | روبيان,شفرات | قريدس
753,quality,qualité,جَوْدَة,NOUN,كاليتي,نوعية,نوعية باهية
757,bellboy,chasseur,خادِم,NOUN,بل بوي | عامل,بص بوي | شغال | عامل الفندق | مراسل,حمال | حمال الشنط | نادل
758,free,libre,خالِي,ADJ,فارغ | فاضي,حر,خاوي
760,serious,grave,خَطِير,ADJ,جاد | جد | جدي | مهم,رهيب | سيريس | ضروري | واعر,جراف | دونجي | رزين | فادح
761,back,arrière,خَلْف,NOUN,ظهر | ورا | وراء,التالي | قفا | لا ورا,مؤخرة | مور
763,invite,inviter,دَعا,VERB,عزم,استدعى | استضاف | ضيف | عرض | نادى | نهم,انفيتا
767,lobby,hall,رَدْهَة,NOUN,لوبي | هول,بهو | صالة | فسحة | مدخل | وسعة,برندة | دهليز | شرفة | مجبب | موزع | وسعاية
770,sport,sport,رِياضَة,NOUN,سبور,لعب,لعبة
773,wife,femme,زَوْجَة,NOUN,حرم | مرا | مرات | مرة,حرمة | مادام,مكلف
776,happy,heureux,سَعِيد,ADJ,فارح | فرح | فرحان | مبسوط,سالي | فرحانة | مستانس | مسرور | مكيف,زاهي | متونس | مزهزه | مستكنتي | مستكوزي
777,ship,bateau,سَفِينَة,NOUN,باخرة | باتو | مركب,بابور,لنج | لنجة | يخت
781,movie theater,cinéma,سِينَما,NOUN,فلم,فيلم,سيما
782,slice,tranche,شَرِيحَة,NOUN,قطعة,ترانش | طرانش | طرف,حز | شطفة | شقفة | وصلة
784,certificate,certificat,شَهادَة,NOUN,دبلوم,سيرتيفيكا,اجازة | مؤهل
786,interesting,intéressant,شَيِّق,ADJ,حلو | مشوق | ممتع,انترستنج | جميل | خطير | رهيب | عجيب | لافت | مثير لالاهتمام | مهم,باهي | لافت لالنظر | محمس | مسلي | هايل
788,TRUE,vrai,صَحِيح,ADJ,حقيقي | صح | صدق,بالحق | حق | حقيقة | حقيقية | صج | صدقي | صدك | من جد,بالصاح | مزبوط | مضبوط | مظبوط
791,sauce,sauce,صَلْصَة,NOUN,سوس | صوص,ادام | رب | صاص | مرق | مرقة,صلصل
792,make,fabriquer,صَنَع,VERB,دار | عمل,جعل | خدم | ساوا | سوى | شكل | صلح | فعل,خلى | دعى | سبر | صاوب | صايب
794,fishing,pêche,صَيْد,NOUN,صيد سمك,بحر | مصيد,حداق
796,emergency,les urgences,ال+ طَوَارِئ,NOUN,الطوارئ | الطواري | طارئ | طوارئ,استعجالي | اسعاف | اضطراري | الاسعاف | ضروري | طواري | مستعجل,ارجنس | ارجونس | اورجونس
797,student,étudiant,طالِب,NOUN,تلميذ,اتيديون,تلميد
798,counter,comptoir,طاوِلَة,NOUN,كاونتر | كونتوار,طربيزة,ترابيزة | طابلة | مسطبة | ميز
803,regular,normal,عادِيّ,ADJ,اعتيادي | دوري | طبيعي,بسيط | منتظم | نظامي | نورمال,روتيني
805,suffer,souffrir,عانَى,VERB,اتعذب | تحمل | تعذب | توجع | قاسى,اتألم | اتوجع | تألم | سوفرا | شكى,اتغلب | اتكبد | تعدب
807,cart,chariot,عَرَبَة,NOUN,شاريو,جاري | عربانة | كروسة,عجلة | كارو
809,vacation,vacance,عُطْلَة,NOUN,اجازة,فاكونس,صلاعة | فسحة
810,sign,panneau,عَلامَة,NOUN,اشارة | شعار,بلاكة | رمز | لافتة | يافطة,بانو | لائحة | لايحة | لوحة | ملصق
813,girl,fille,فَتاة,NOUN,بت | بنت | طفلة,بنوتة | بنية,صبية
814,cup,tasse,فِنْجان,NOUN,فنجال | كباية | كوب,طاس | طاسة | كاس | كاسة,جلاص | قلص | كلاص
815,towel,serviette,فُوطَة,NOUN,بشكير,حولي | منديل | منشفة,خاولي | خلقة | خنانة | سربية | سرفيطة | منشف
817,meet,rencontrer,قابَل,VERB,اتلاقى | اجتمع | التقى | تلاقى | شاف | لاقى,حصل | واعد,صادف
819,story,histoire,قِصَّة,NOUN,حكاية,رواية | سالفة | موضوع,حدوتة | حزوية | سيرة | مسألة
821,spend,passer,قَضَى,VERB,صرف,تم | جلس | خلص | راح | روح | عدى | قعد | مر | مضى,بعزق | جوز | دوز | مقضي
826,pamphlet,brochure,كُتَيِّب,NOUN,منشور,بروشور,مطوية | ورقة
832,contact lens,lentille de contact,عَدَسَة لاصِقَة,NOUN,عدسات | عدسة,عدسات لاصقة | لونتي,كونتاكت | كونتاكت لنز | لنسس
834,game,jeu,لُعْبَة,NOUN,جيم,طرح | ماتش | مباراة,مبارة | مسابقة
836,amount,montant,مَبْلَغ,NOUN,كم | كمية | مقدار,قدر | قيمة,حسبة | سومة
838,"group , set",groupe,مَجْمُوعَة,NOUN,جروب | جماعة,ربع | شلة | فرقة | وفد,رباعة | فئة | فوج
840,toilet,toilette,مِرْحاض,NOUN,تواليت | حمام | دبليو سي,بيت الراحة | بيت الما | كبينة | كرسي الحمام | كنيف | مقعد,ادبخانة | بالوعة | خرخرة | خلاء | ششمة | مرافق | مستراح | مطهار | نقرة
841,pass,passer,مَرَّر,VERB,فوت,خطف | عدى | مد,ادى | باصى | جوز | دوز | عطى | مرق
842,track,voie,مَسار,NOUN,تراك | سير | طريق | ممر,اتجاه | اثر | درب | سبيل | سكة | مسلك,ثنية | حارة | مخطف
843,distance,distance,مَسافَة,NOUN,بعد,مشوار,ديسطونس
847,pump,pompe,مِضَخَّة,NOUN,بمب | بمبة | بومب | طرمبة,ماطور,بم | دينمة | منفاخ
853,spoon,cuillère,مِلْعَقَة,NOUN,معلقة,مغراف,خاشوقة | خاشوكة | قفشة | كشيك | مغرفة | مغيرفة | مقمشة
854,excellent,excellent,مُمْتاز,ADJ,جيد | كويس,توب | شي كبير | عظيم | كتير منيح | مميز | هايل,باهر | خارق العادة | لوكس
856,area,région,مِنْطَقَة,NOUN,محل | مكان,ميدان,بقعة | جهة | حتة | مساحة | ناحية
859,site,site,مَوْقِع,NOUN,محل | مكان,سيت,بقعة | بلاصة | جهة | منطقة | ناحية
860,corner,coin,ناصِيَة,NOUN,ركن | زاوية,ركنة | زوة | كورنر,تركينة | حاشية | قرنة | قمة | قنت
861,window,fenêtre,نافِذَة,NOUN,شباك,طاقة,دريشة | روشن | سرجم | شاقوص | شرجم
862,plant,plante,نَبات,NOUN,زرع,زرعة | زريعة | شتلة | عشب,خضرة | شجرة
864,woman,femme,إِمْرَأَة,NOUN,ست | مدام,حرمة | ولية,سيدة | مكلف
866,look,"regard , coup d' oeil",نَظْرَة,NOUN,طلة,شوفة,بصة | تبهيتة | تطليعة | خزرة | غزرة
867,clean,propre,نَظِيف,ADJ,طاهر | نقي,ماشي موسخ | مغسول | يلمع,نضيف
868,river,rivière,نَهْر,NOUN,واد,بحر,شط
869,quiet,tranquille,هادِئ,ADJ,ساكت | ساكن | سكوتي,ترونكيل | رايق | سكتة | مرتاح | مستكين,رزين | واطي
871,father,père,والِد,NOUN,اب | ابا | اباه | ابو | بابا | بو | بي,باباة | بين,باتي | باه
872,waist,taille,وَسَط,NOUN,خصر,تاي | نص,حقو | دورة كرش
873,sign,signer,وَقَّع,VERB,مضى,اعتمد | امضى | سينيا,اشر | صحح
874,matter,sujet,أَمْر,NOUN,حاجة | شي | موضوع,حكاية | شغلة | قضية | مسألة,سوجي | شأن | غرض | مشكلة
876,"mr. , sir",monsieur,سَيِّد,NOUN,استاذ | دكتور | سي,اخ | ست | شيخ | طيب | عم | عمي,عمو | فندم
877,"ms. , maam",madame,سَيِّدَة,NOUN,اخت | ست | مادام,ابلة | استاذة | ام | حرم | خالة,آنسة | دكتورة | للا
878,a little bit,un peu,ال+ قَلِيل,ADJ,شوي | شوية | شويه | قليل,القليل | حبتين ثلاث | طريف | قليلة | ماشي بزاف,جليل | حبة | طشة | كمية صغيرة | نتفة
879,too much,trop,كَثِيراً جِدّاً,NOUN,كثير,برشا | بزاف | زيادة قوي | شكثر | كتير | كثير شديد | كثير قوى | كثير كثير | مرة كثير | هلبة بكل | واجد | واجد بكل | واجد واجد | ياسر,اهواي | زيادة | شقد | هوايا
880,"many , a lot",beaucoup,كَثِيراً,ADJ,واجد,برشا | بزاف | كتير | كون | نود | ياسر,اهواي | خيرات | زياة | كمية كبيرة | ملان | هلبة | هوايا
881,"still , yet",encore,ما زال,VERB,بعد | بعده | لسا,عاده | لا زال | لسع | مازال,ضله | لالحين | لساته | لهسا | ليهسا
882,leave,laisser,تَرَك,VERB,خلا | خلى | ساب | سيب | طلع,اتخلى | حط | خرج | خلف | درب | راح | رحل | غادر | فارق | مشى | مشي | هجر | هد | ورث,اهمل | دشر | طنش | عاف | فلت
883,"take , last","falloir , prendre de temps , durer",ٱِسْتَغْرَق,VERB,اخذ | اخذا | خذ | خذا | قعد,اخذ وقت | استمر | تم | جلس | حكم | شد | ظل,بقى
884,charges,des frais,رُسُوم,NOUN,تكاليف | كلفة,اجور | تكلفة | لي فري | مصاريف,ثامان
888,time,fois,مَرَّة,NOUN,فد مرة,اكو مرة | مرة واحدة,خطرة | كرة
889,"may I ... ? , can I ... ?",puis -je ... ?,هَل يُمكِنُ +نِي أن ... ؟,PART ... ?,ممكن | نقدر,اذا سمحت | اقدر | باقدر | باقدر انه | بيصير | تسمح لي | عادي | فيني | فيّ | لو سمحت | معليش | ممكن اني | نجم | هو انا اقدر | هو ممكن اني | هو ينفع اني | واش ممكن,اسكه | اكدر | رجائا
890,"might , may",peut-être,قَدْ ، رُبَّما,ADV,احتمال | ممكن | يمكن,بالاك | بالك | بلكي | جايز | قد يكون | يجوز | يكون,بالكشي | بلكشي | تقريب
891,"already , for sure","vraiment , certainement",قَدْ ، فِعْلاً,NOUN,اصلا | اكيد | خلاص | مؤكد,اولريدي | بالحق | ديجا | سور | صج | طبعا | عن جد | من جد,بالصاح | عالاكيد
892,really,vraiment,حَقّاً,ADJ,بالحق | جد | صح | صحيح | صدق | فعلا | والله,اه | بالله | بجد | حقيقي | صج | عن جد | قلدك الله | معقولة | منك الصدق | من جد | من صدق,امانة | بالرسمي | مضبوط
894,be afraid,avoir peur,خَشِي,VERB,خاف | خايف | قلق,ارتعب | تخوف,اترعب | اتفزع | اتوهم | افتجع | انذعر | توهم | فزع
896,bound to,à destination de,مُتَّجِه إِلَى,ADP,راح ل+ | رايح | رايح ع+ | رايح على | رايح ل+,اتجه ل+ | رايح صوب | رايح لعند | ساير صلى | ماشي | ماشي ل+ | متجه | متوجه,ساير | قاصد
897,"return , come back","revenir , retourner",عاد,VERB,رجع | رجوع | رد | روح,جا,ولى
898,arrival,arrivée,وُصُول,NOUN,قدوم,اريفي | جا | جية | رجوع | روح,مجية
900,"completely , perfectly ,","parfaitement , complètement",تَماماً,NOUN,بالضبط | بالكامل | كله | كليا | نهائي,الكل | سوا سوا | كامل | كل ابوه | كلش | مرة,بالقدا | خارق العادة | كومبليتلي
905,right away,immédiatement,حالاً,NOUN,الحين | فورا,احين | بسرعة | تو | توا | توت سويت | دلوقتي | ذي الساعة | ذي اللحظة | رأسا | فاقرب وقت | قوام | هسا,الآن | بالعجل | بساعتي | توة توة | دابا | دحين | دلوق | دلوقت | ذالحين | ذالحينة | سقد | ضوركا | ضوك | ضوكة | طوالي | هلق
906,soon,bientôt,قَرِيباً,ADJ,بعد شوي | عن قريب,بعد شوية,جريب | عقة حصا
907,stay,"séjourner , descendre à",أَقام,VERB,بات | بقى | بقي | جلس | سكن | ظل | قعد | نزل,تم | عاش | فضل,استراح | استنى | تأخر | قنبر
910,severe,fort,شَدِيد,ADJ,حاد | قاسي | قوي,جامد | مرة | واعر,جاف | صعيب | قارص | قاسح | قصح
913,"catch , hold",attraper,أَمْسَك,VERB,شد,حكم | خطف | قبض | لحق | لزم | يود,زخ | زقم | شبح | قبط | كض | كفش
914,I caught a disease,J' ai attrappé une maladie,أََصابَ +نِي مَرَض,NOUN,جاني مرض | صابني مرض | مرضت,اجاني مرض | تعبت | صابني وجع | صادني مرض | صار بي مرض | عندي مرض,اتعديت | تمرضت | جاتني | ضربني | عييت
916,"largest , larger",plus grand,أَوْسَع,ADJ,اعرض | اكبر,اضخم | اعظم | واسع على,افسح
917,"suitable , appropriate , fit well","convenable , aller bien",مُناسِب,ADJ,زين | معقول,كويس | لايق | مقبول | منيح | يصلح | ينفع,باهي | مظبوط | ملائم | ملايم | مليق | يسبر | يوالم
918,well,bien,جَيِّداً,ADJ,حلو | كويس | مليح,تمام | زين | سليم | طيب | كلش زين | مزيان | ممتاز | منيح,بالقدا | باهر | باهي | برابر | مظبوط
919,again,encore,مَرَّة أُخْرَى,ADJ,ثاني | مرة ثانية,بعد مرة | غيرها | كمان | كمان مرة | مرة اللخر | مرة جديدة | مرة غيرها | مرة اللخ,اجين | كرة ثانية
920,more,plus,ال+ مَزِيِد,NOUN,اكثر | زيادة | زيد | كمان,ازود | ازيد | بعد | تاني,اخرى | بلوس
921,look,regarder,نَظَر,VERB,اتفرج | شاف,ابصر | اتطلع | بحلق | بص | تابع | تفرج | طالع | طل | عاين | لاحظ,باوع | بهت | خزر | شبح | شتاف | غزر | لد | وايق
922,shape,forme,شَكْل,NOUN,فورم | فورمة | هيئة,اسلوب | صورة | فرمة | كسم,صيغة | قالب
923,allow,permettre,سَمَح,VERB,اذن | خلى | خلي,ترك | ساب | سيب,دعى | رخص | رضى
924,go straight,aller tout droit,سار لِ+ ال+ أَمام,NOUN,مشى لقدام | مشي طوالي | مشي لقدام,خطي طوالي | راح دغري | راح ساني | راح سيدا | راح قدام | روح تو دروا | سار سيدة | سار قدام | سير نيشان | على طول | مشى دغري | مشى طوالي | مشى على طول | مشي دغري | مشي سيدا | مشي على طول,مشى ستريت
925,make,faire,جَعَل,VERB,دير | صنع | عمل,حط | خلى | دار | ساوا | ساوى | سوى | شكل | صلح | قد,دعى | ندع
930,wednesday,mercredi,ال+ أَرْبِعاء,NOUN,الاربع | الاربعا | الاربعاء,الربوع,الاربحا
939,june,juin,يُونِيُو,PROPN,جوان | شهر ستة,الشهر السادس | حزيران,يونيه
940,july,juillet,يُولِيُو,PROPN,جويلية | شهر سبعة,الشهر السابع | تموز,يوليه
941,august,août,أَغُسْطُس,PROPN,اوت,آب | الشهر الثامن | شهر ثمانة | شهر ثمانية,ثمانية | غشت
944,november,novembre,نُوفِمْبِر,PROPN,تشرين الثاني | شهر احدعش,شهر اهدعش | شهر هداعش | شهر هدعش,الهدعش
945,december,décembre,دِيسَمْبِر,PROPN,شهر اثنعش,شهر اثناعش | كانون الاول | كانون الثاني | كانون اول,الاثنعش
946,purchase,achat,شِراء,NOUN,مشترى,تسوق,تشري | مسواق
947,going,aller,ذَهاب,NOUN,روحة | مشي,الي | ريحة | مرواح | مشى | مشية,خرجة | خطية | روحان | سرحة | سيرة | طلعة | عدى | نزلة
948,getting,obtenir,حُصُول,NOUN,اخذ,انه جا له | انه يجيب | انه يدي | تتحصل | تجيب | جا | جاب | جيبة | فوز | كسب | لقاء | يلقى,تحصيل | تدبير | تدى | ماخذة
951,changing,changer,تَغْيِير,NOUN,تبديل,قلب,شونجمو
954,sending,envoyer,إِرْسال,NOUN,بعث,توجيه | تودية | توصيل,بعثان | توداية | دز | مسافطة | مسيفطة
955,of course,bien sûr,طَبْعاً,NOUN,اكيد | بيان سور,امال | مالا لا,بالتأكيد | بالطبيعة | معلوم
957,nice,gentil,لَطِيف,PROPN,حالي | حلو | ظريف | كويس,جميل | جونتي | جيد | حباب | حبوب | حليو | زين | ضريف | طيب | عسل | ما احلاه | مليح | منيح | ناعم,باهي | برابر | جنتيل | متخلق | متربي | هايل
958,same,le même,نَفْس,NOUN,زي | مثل,ذات | كما | كيف | كيف كيف,سع | سعما | لمام
959,later,plus tard,لاحِقاً,ADJ,بعدين,بعد | بعد شوية | بعدا | خلاف | عقب | من بعد,ابري | امبعد
960,suitcase,valise,حَقِيبَة سَفَر,NOUN,شنطة | شنطة سفر,حقيبة | شانطة | شنطاية,جنطة | فليجة | فليزة
962,sleep,dormir,نام,VERB,بات,انخمد | رقد | غفى | غفي | نعس,اتسدح | اندفس | انسدح | غمض | هجع
963,sleep,sommeil,نَوْم,NOUN,نعاس,رقاد | رقدة | قيلولة,مبيت
966,down,vers le bas,إِلَى ال+ أَسْفَل,ADJ,تحت,جوا | على تحت | لتحت | لا تحت | لا نازل | منزل,لوطى
967,anything,ne importe quoi,أَيّ شَيْء,NOUN,اي حاجة,اللي تحب | اللي يجي | اللي كان,حيالله
968,wrong,faux,خاطِئ,ADJ,غالط | غلط | غلطان,مش صحيح | مغلوط,مخطي
969,miss,mademoiselle,آنِسَة,NOUN,اخت | ست | مادموزيل | مادام | مدموازيل | مدموزيل,الاخت,ابلة | استاذة | دموازال | مزمزيل
970,park,se garer,رَكَن,VERB,باركا | برك | وقف,بركن | جاري | درس | صف | طبق | وكف,جرج | ستاسيونة
971,"select , pick",choisir,ٱِخْتار,VERB,خير | نقى,اخذ | عزل,حدد
975,"run out , end",se epuiser,نَفِد,VERB,خلاص | خلص,تم | عبر | كمل | ما ضل | ما قعدش,تسالا | تقاضا | زلج | سالا | قضى | وفى
976,end,terminer,ٱِنْتَهَى,VERB,ختم | خلاص | خلص | كمل,انهى | تم | عبر,افتك | زلج | سالا | قضى
977,bad,mauvais,سَيِّء,ADJ,زفت | فاسد | مو زين,احرف | بطال | خايب | ردي | رديء | شومة | كعب | ماشي مليح | مب زين | مش كويس | معفن | مو كويس | مو منيح | موب كويس | وحش,حص | خربان | خرى | دوني | عاطل | عفش | ماصت | محمم | مسخ | مشوم | مقرف
978,certainly,certainement,بِ+ ال+ تَأْكِيد,NOUN,اكيد | طبعا,بالتأكيد | حتما | سي سور | ضروري | فعلا,معلوم
979,together,ensemble,سَوِيّاً,ADJ,مع بعض | مع بعضنا,اجمعين | جماعة | جمعا | جمعة | كلنا | كيف كيف,رباعة | كاملين
980,carry,porter,حَمَل,VERB,تحمل | اتحمل | رفع | شال | هز,شمر | عتل | نقل,بز | رزح | رفد | شل | نتع
981,enough,suffire,كَفَى,VERB,بس | خلاص | خلص,سد | صافي,اكاهاو | بيكفي | بركة | يزي
982,take care,prendre soin de,ٱِعْتَنَى,VERB,انتبه | اهتم | خلى باله,اخذ باله | تابع | حاسب | حرص | حط باله | خذا باله | دار باله | دير بالك | راقب | رد باله | قابل | قام ب+ | يدير بال على,اتوصى | باصر | تلهى | تهلى | رابى | راعى | عانى
983,taxi stand,station de taxi,مَوْقِف أُجْرَة,NOUN,موقف | موقف تكسي,لاري تع تاكسيات | محطة التكسي | محطة التاكسي | محطة تكسي | موقف التكاسي | موقف تاكسي | موقف تكاسي,فرزة | جراج | محطة | محطة التكسيات
985,already,déjà,فِعْلاً,NOUN,اساسا | اصلا | خلاص | ديجا,اولريدي | عاد | قبل | قد | قيد | من اول | من قبل,سايي | مسبق
986,never,jamais,أَبَداً,NOUN,نهائي | نهائيا,اصله ما | اطلاقا | خالص | على الاطلاق | عمر | عمر+ه | كلش | مستحيل | ولا مرة,اطلاقآ | بالكل | بالمرة | جامي | لبر
987,pickpocket,pickpocket,نَشّال,NOUN,حرامي,سارق | سراق,بايق | شفار | لص
988,walk,marcher,مَشَى,VERB,تمشى,اتمشى | خطي | راح | سار | مر,ضوي | كزدر
989,let 's go,allons-y,هَيّا بِ +نا,PRON,هيا | يالله | يلا,ارح | ايا | ايا برة | خلا | روحنا | هايا | هيا نمشيوا | هيا بنا | يلا بنا,نمشيوا | هايا برة
991,welcome,bienvenu,مَرْحَباً ، أَهْلاً,NOUN,السلام عليكم | اهلا وسهلا,اهلين | تفضل | حياك الله | حياكم الله | حيا بك | حياك | مرحبا بك | يرحبوا بهم,اهلين وسهلين | حبابك | عالسلامة | مرحبتين
992,you are welcome,je vous en pris,عَفْواً,NOUN,العفو | مرحبا,احسنت | انت تؤمر بس | بلا مزية | رحم الله والديك | عيوني | فوق العين والراس | فوق عيني وراسي | من تية قبل تية | من عيوني | مية هلا | هلا | واياك | و+لا يهمك,اتدلل | حاضرين
993,here he is,voici,ها هُوَ,PRON,اهو | اهوه | هذا هو,اهو ده | هادا هو | هاذا هو | هاهو | هاوه | هنا هو | هووه | هيو | يا هو ده,اكاهو | كهنة | كو | ليكه | هذاهو | همليك | هوذه | هوليك
994,here she is,voici,ها هِيَ,PRON,اهي | هاهي,اهه | هادي هي | هاذي هي | هايوه | هدي | هذا هي | هذي هي | هنا هي | هيها | هيوه | يا ها دي,اكاهي | اهاندي | كهنة | كو | ليكا | هذاهي | هيذه | هيذي | هيليك
996,think,penser,ظَنّ,VERB,تصور | اعتقد | افتكر | حسب | فكر,اتصور | توقع | خمم | شاف | شك | عن باله,اشتبه | توهم | ضن | عباله
997,think,réfléchir,فَكَّر,VERB,شاف,حسب | خمم | ظن | نظر,ضن | مخخ | مخمخ
,,,,,#N/A,#N/A,#N/A
,,,,,#N/A,#N/A,#N/A
,,,,,#N/A,#N/A,#N/A